-- MySQL dump 10.13  Distrib 8.0.32, for macos13.0 (arm64)
--
-- Host: localhost    Database: free_way
-- ------------------------------------------------------
-- Server version	8.0.32

/*!40101 SET @OLD_CHARACTER_SET_CLIENT=@@CHARACTER_SET_CLIENT */;
/*!40101 SET @OLD_CHARACTER_SET_RESULTS=@@CHARACTER_SET_RESULTS */;
/*!40101 SET @OLD_COLLATION_CONNECTION=@@COLLATION_CONNECTION */;
/*!50503 SET NAMES utf8mb4 */;
/*!40103 SET @OLD_TIME_ZONE=@@TIME_ZONE */;
/*!40103 SET TIME_ZONE='+00:00' */;
/*!40014 SET @OLD_UNIQUE_CHECKS=@@UNIQUE_CHECKS, UNIQUE_CHECKS=0 */;
/*!40014 SET @OLD_FOREIGN_KEY_CHECKS=@@FOREIGN_KEY_CHECKS, FOREIGN_KEY_CHECKS=0 */;
/*!40101 SET @OLD_SQL_MODE=@@SQL_MODE, SQL_MODE='NO_AUTO_VALUE_ON_ZERO' */;
/*!40111 SET @OLD_SQL_NOTES=@@SQL_NOTES, SQL_NOTES=0 */;

--
-- Table structure for table `elevator`
--

DROP TABLE IF EXISTS `elevator`;
/*!40101 SET @saved_cs_client     = @@character_set_client */;
/*!50503 SET character_set_client = utf8mb4 */;
CREATE TABLE `elevator`
(
    `elevator_id`     int         NOT NULL AUTO_INCREMENT,
    `latitude`        varchar(20) NOT NULL,
    `longitude`       varchar(20) NOT NULL,
    `elevator_status` varchar(20) DEFAULT NULL,
    `description`     varchar(50) DEFAULT NULL,
    `nearest_exit`    varchar(5)  DEFAULT NULL,
    PRIMARY KEY (`elevator_id`),
    UNIQUE KEY `latitude` (`latitude`,`longitude`)
) ENGINE=InnoDB AUTO_INCREMENT=553 DEFAULT CHARSET=utf8mb4 COLLATE=utf8mb4_0900_ai_ci;
/*!40101 SET character_set_client = @saved_cs_client */;

--
-- Dumping data for table `elevator`
--

LOCK
TABLES `elevator` WRITE;
/*!40000 ALTER TABLE `elevator` DISABLE KEYS */;
INSERT INTO `elevator`
VALUES (23, '37.56295826303254', '126.97409673305458', 'AVAILABLE', '시청(2)-승강기)엘리베이터 외부#1', '9'),
       (24, '37.566138192623036', '126.97740035863328', 'UNKNOWN', NULL, '5'),
       (26, '37.56525654858083', '126.97691894270312', 'AVAILABLE', '시청(1)-승강기)엘리베이터 외부#1', '2'),
       (27, '37.56633905557097', '126.98219381052644', 'REPAIR', '을지로입구-승강기)엘리베이터 외부#1', '1'),
       (28, '37.56589977941918', '126.98301904149079', 'AVAILABLE', '을지로입구-승강기)엘리베이터 외부#2', '5'),
       (29, '37.56605043884511', '126.98957259416945', 'UNKNOWN', NULL, '12'),
       (30, '37.5662454336922', '126.992410813742', 'AVAILABLE', '을지로3가(3)-승강기)엘리베이터 외부#1', '10'),
       (31, '37.566489380284985', '126.99753408814574', 'UNKNOWN', NULL, '10'),
       (32, '37.56642506392234', '126.99846068207474', 'AVAILABLE', '을지로4가(2)-승강기)엘리베이터 외부#1', '8'),
       (33, '37.565868382504576', '127.00909956240862', 'REPAIR', '동대문역사문화공원(2)-승강기)엘리베이터 외부#1', '1'),
       (34, '37.56421057561129', '127.0293482095607', 'UNKNOWN', NULL, '5'),
       (35, '37.56438953350768', '127.02982552093174', 'AVAILABLE', '상왕십리-승강기)엘리베이터 외부#1', '1-1'),
       (37, '37.5614701928014', '127.03701719325792', 'AVAILABLE', '왕십리(5)-승강기)엘리베이터 1', '4'),
       (38, '37.56093672921526', '127.03776150616628', 'UNKNOWN', NULL, '6-1'),
       (39, '37.555770185758924', '127.04326353089189', 'AVAILABLE', '한양대-승강기)엘리베이터 외부#1', '4'),
       (40, '37.547146365199325', '127.04815024628043', 'AVAILABLE', '뚝섬-승강기)엘리베이터 외부#1', '3'),
       (41, '37.5468947433286', '127.04799145447848', 'AVAILABLE', '뚝섬-승강기)엘리베이터 외부#2', '6'),
       (42, '37.544948554327775', '127.0553622228127', 'AVAILABLE', '성수-승강기)엘리베이터 외부#1', '1'),
       (43, '37.54467031883598', '127.05529847239829', 'AVAILABLE', '성수-승강기)엘리베이터 외부#2', '4'),
       (44, '37.54035768416119', '127.0688467983475', 'AVAILABLE', '건대입구(2)-승강기)엘리베이터 외부#1', '6'),
       (45, '37.54087317738907', '127.07137678955013', 'UNKNOWN', NULL, '3'),
       (46, '37.54074646735645', '127.0687010913587', 'AVAILABLE', '건대입구(2)-승강기)엘리베이터 2', '1'),
       (47, '37.537359662532594', '127.08651759531142', 'AVAILABLE', '구의-승강기)엘리베이터 외부#1', '2'),
       (48, '37.520867486643745', '127.10350964749668', 'UNKNOWN', NULL, '4'),
       (49, '37.5146457213322', '127.10497723979161', 'UNKNOWN', NULL, '10'),
       (50, '37.5130587036549', '127.10088514705804', 'REPAIR', '잠실(2)-승강기)엘리베이터 외부#2', '2'),
       (51, '37.515025793661586', '127.10433715545264', 'AVAILABLE', '잠실(8)-승강기)엘리베이터 3', '9'),
       (52, '37.51187101568035', '127.08624847051277', 'REPAIR', '잠실새내-승강기)엘리베이터 외부#1', '7'),
       (53, '37.51139353619685', '127.0861518152894', 'AVAILABLE', '잠실새내-승강기)엘리베이터 외부#2', '2'),
       (54, '37.511381610109346', '127.07326403135781', 'AVAILABLE', '종합운동장(2)-승강기)엘리베이터 외부#1', '6'),
       (55, '37.51111885008563', '127.07731279659525', 'UNKNOWN', NULL, '9'),
       (56, '37.50880191867385', '127.06406393928728', 'AVAILABLE', '삼성-승강기)엘리베이터 외부#1', '1'),
       (57, '37.50836331156936', '127.06258120152495', 'AVAILABLE', '삼성-승강기)엘리베이터 외부#4', '4'),
       (58, '37.509346073131994', '127.06375207482945', 'AVAILABLE', '삼성-승강기)엘리베이터 외부#3', '8'),
       (59, '37.509300977577155', '127.06248799026312', 'AVAILABLE', '삼성-승강기)엘리베이터 외부#2', '6'),
       (60, '37.504538505731844', '127.04824290120564', 'REPAIR', '선릉(2)-승강기)엘리베이터 외부#2', '5'),
       (61, '37.50446921494286', '127.04977110906533', 'AVAILABLE', '선릉(2)-승강기)엘리베이터 외부#1', '1'),
       (62, '37.50493157393591', '127.04960480098848', 'AVAILABLE', '선릉(2)-승강기)엘리베이터 외부#3', '10'),
       (63, '37.50049774149943', '127.03665279264845', 'UNKNOWN', NULL, '2'),
       (64, '37.50010888685489', '127.03566429877333', 'AVAILABLE', '역삼-승강기)엘리베이터 외부#1', '3'),
       (65, '37.50067881890651', '127.03539742642559', 'AVAILABLE', '역삼-승강기)엘리베이터 외부#2', '4'),
       (66, '37.49746448224892', '127.02739847604525', 'UNKNOWN', NULL, '8'),
       (68, '37.49833935075377', '127.02709611002521', 'AVAILABLE', '강남(2)-승강기)엘리베이터 외부#2', '10'),
       (69, '37.496155738235544', '127.02816732793622', 'UNKNOWN', NULL, '6'),
       (70, '37.49806862792882', '127.02875970149319', 'AVAILABLE', '강남(2)-승강기)엘리베이터 외부#1', '1'),
       (71, '37.496594120765295', '127.02862667714571', 'UNKNOWN', NULL, '3'),
       (72, '37.49356615700044', '127.01405774219353', 'UNKNOWN', NULL, '12'),
       (73, '37.49202075774134', '127.01417012438718', 'AVAILABLE', '교대(3)-승강기)엘리베이터 외부#1', '13'),
       (74, '37.49179114823333', '127.0080862577849', 'REPAIR', '서초-승강기)엘리베이터 외부#1', '1'),
       (75, '37.491574919899904', '127.00747159358087', 'AVAILABLE', '서초-승강기)엘리베이터 외부#2', '4'),
       (76, '37.48155477078008', '126.9972400061135', 'AVAILABLE', '방배-승강기)엘리베이터 외부#1', '3'),
       (77, '37.47803478163192', '126.98147028334147', 'REPAIR', '사당(4)-승강기)엘리베이터 외부#1', '10'),
       (78, '37.476173029674854', '126.98108537989985', 'UNKNOWN', NULL, '5'),
       (79, '37.4767436291749', '126.98243968843255', 'REPAIR', '사당(2)-승강기)엘리베이터 외부#1', '14'),
       (80, '37.47695193019346', '126.98221090572653', 'UNKNOWN', NULL, '13'),
       (81, '37.477366288402656', '126.96335117599381', 'REPAIR', '낙성대-승강기)엘리베이터 외부#1', '6'),
       (82, '37.4817233955097', '126.95271384667298', 'AVAILABLE', '서울대입구-승강기)엘리베이터 외부#1', '6'),
       (83, '37.48081612369701', '126.95285673558335', 'AVAILABLE', '서울대입구-승강기)엘리베이터 외부#2', '2'),
       (84, '37.48283944000596', '126.94111397425712', 'REPAIR', '봉천-승강기)엘리베이터 외부#1', '4'),
       (85, '37.48403711996216', '126.92922955190498', 'UNKNOWN', NULL, '4'),
       (86, '37.48414260302852', '126.93022264030459', 'AVAILABLE', '신림-승강기)엘리베이터 외부#1', '1'),
       (87, '37.48486673783314', '126.92992358538596', 'UNKNOWN', NULL, '7'),
       (88, '37.48408251614212', '126.93007090268894', 'AVAILABLE', '신림-승강기)엘리베이터 외부#1', '1'),
       (89, '37.48447066742439', '126.92935257062672', 'AVAILABLE', '신림-승강기)엘리베이터 외부#2', '5'),
       (90, '37.487119386747814', '126.91332432047685', 'REPAIR', '신대방-승강기)엘리베이터 외부#1', '1'),
       (91, '37.484998640007284', '126.90224793337053', 'UNKNOWN', NULL, '1'),
       (92, '37.485116390359394', '126.90074290155489', 'AVAILABLE', '구로디지털단지-승강기)엘리베이터 외부#2', '2'),
       (93, '37.49388446526298', '126.89422997438946', 'UNKNOWN', NULL, '3'),
       (94, '37.492745267964246', '126.89564140243351', 'UNKNOWN', NULL, '8'),
       (95, '37.49340745288394', '126.8973965210656', 'AVAILABLE', '대림(7)-승강기)엘리베이터 3', '10'),
       (96, '37.50783849907626', '126.89151347886573', 'UNKNOWN', NULL, '3'),
       (97, '37.508667037935425', '126.89160420963331', 'UNKNOWN', NULL, '4'),
       (98, '37.5091604107153', '126.89056927884062', 'UNKNOWN', NULL, '5'),
       (99, '37.53178100495218', '126.84655294257189', 'UNKNOWN', NULL, '3'),
       (100, '37.52571822723635', '126.89652807009404', 'AVAILABLE', '영등포구청(2)-승강기)엘리베이터 외부#1', '2'),
       (102, '37.533541350847685', '126.90198986632969', 'UNKNOWN', NULL, '10'),
       (104, '37.534197360069086', '126.90168909316604', 'UNKNOWN', NULL, '13'),
       (105, '37.53532817333363', '126.9032801537038', 'AVAILABLE', '당산(2)-승강기)엘리베이터 외부#1', '4'),
       (106, '37.5489925872559', '126.91398300105878', 'AVAILABLE', '합정(6)-승강기)엘리베이터 3', '6'),
       (107, '37.55730168137856', '126.92717239496525', 'UNKNOWN', NULL, '7'),
       (108, '37.55669465724558', '126.92385831358125', 'AVAILABLE', '홍대입구(2)-승강기)엘리베이터 외부#1', '8'),
       (110, '37.5560264195262', '126.92298936213697', 'UNKNOWN', NULL, '9'),
       (111, '37.555411447182394', '126.93744447645939', 'AVAILABLE', '신촌-승강기)엘리베이터 외부#1', '4'),
       (112, '37.55496617628845', '126.93735518197812', 'REPAIR', '신촌-승강기)엘리베이터 외부#2', '6'),
       (113, '37.55654771193129', '126.94574117548295', 'AVAILABLE', '이대-승강기)엘리베이터 외부#1', '6'),
       (114, '37.55757398417523', '126.95586323442137', 'AVAILABLE', '아현-승강기)엘리베이터 외부#2', '1'),
       (115, '37.557137858853544', '126.95628419356812', 'AVAILABLE', '아현-승강기)엘리베이터 외부#1', '3'),
       (116, '37.559031229178295', '126.96387828677103', 'AVAILABLE', '충정로(2)-승강기)엘리베이터 외부#1', '5'),
       (117, '37.56072086986982', '126.96296789790861', 'AVAILABLE', '충정로(5)-승강기)엘리베이터 2', '8'),
       (118, '37.57595176742774', '127.02297735704515', 'UNKNOWN', NULL, '12'),
       (119, '37.57600320501859', '127.02503172066444', 'AVAILABLE', '신설동(1)-승강기)엘리베이터 외부#3', '5'),
       (120, '37.574068011755806', '127.02615819789544', 'AVAILABLE', '신설동(2)-승강기)엘리베이터 외부#1', '9'),
       (121, '37.576031003483806', '127.02339275520583', 'AVAILABLE', '신설동(1)-승강기)엘리베이터 외부#1', '1'),
       (122, '37.57636252789299', '127.02491682466227', 'AVAILABLE', '신설동(1)-승강기)엘리베이터 외부#2', '2'),
       (123, '37.51253877916507', '126.86600720876027', 'AVAILABLE', '양천구청-승강기)엘리베이터 외부#1', '1'),
       (124, '37.52023308228248', '126.85268543265587', 'AVAILABLE', '신정네거리-승강기)엘리베이터 외부#1', '2'),
       (125, '37.57369703266102', '127.03827615974207', 'AVAILABLE', '용두-승강기)엘리베이터 외부#2', '4'),
       (126, '37.574383574687324', '127.03832539175129', 'AVAILABLE', '용두-승강기)엘리베이터 외부#1', '3'),
       (154, '37.57853611422455', '126.7980002435432', 'UNKNOWN', NULL, '2'),
       (155, '37.56171396736141', '126.80390315558358', 'UNKNOWN', NULL, '4'),
       (156, '37.5615344832286', '126.80216430345227', 'UNKNOWN', NULL, '4'),
       (157, '37.56281497579276', '126.80164133128619', 'UNKNOWN', NULL, '3'),
       (158, '37.563964032244975', '126.81078872436966', 'UNKNOWN', NULL, '2'),
       (159, '37.56771357580407', '126.81687376272241', 'UNKNOWN', NULL, '3'),
       (160, '37.56744390466709', '126.81637847498365', 'UNKNOWN', NULL, '8'),
       (161, '37.5653235853423', '126.82796409572867', 'UNKNOWN', NULL, '3'),
       (162, '37.56490929157465', '126.82732698344488', 'UNKNOWN', NULL, '5'),
       (163, '37.56665345973517', '126.8271492005958', 'UNKNOWN', NULL, '2'),
       (164, '37.56699110225814', '126.82716820111138', 'UNKNOWN', NULL, '2'),
       (165, '37.565306881115454', '126.82729929530329', 'UNKNOWN', NULL, '5'),
       (166, '37.56782576382412', '126.8409958183633', 'UNKNOWN', NULL, '7'),
       (167, '37.5684356154641', '126.841565432492', 'UNKNOWN', NULL, '4'),
       (168, '37.56109339343416', '126.85467452734318', 'UNKNOWN', NULL, '9'),
       (169, '37.56102503009466', '126.85560388088643', 'UNKNOWN', NULL, '5'),
       (170, '37.55795543203569', '126.86124228864674', 'UNKNOWN', NULL, '1'),
       (171, '37.550980134179746', '126.86452524416731', 'UNKNOWN', NULL, '5'),
       (172, '37.54674635828408', '126.8744389000619', 'UNKNOWN', NULL, '4'),
       (173, '37.546785926551', '126.87443575969375', 'UNKNOWN', NULL, '4'),
       (174, '37.54713772139846', '126.87430989303354', 'UNKNOWN', NULL, '1'),
       (175, '37.544294603042864', '126.88262578368986', 'UNKNOWN', NULL, '2'),
       (176, '37.54403863814483', '126.88297970711699', 'UNKNOWN', NULL, '2'),
       (177, '37.5380952457359', '126.89376804733442', 'UNKNOWN', NULL, '1'),
       (178, '37.53786168562338', '126.89362468233111', 'UNKNOWN', NULL, '8'),
       (179, '37.53766714962802', '126.89361346300068', 'UNKNOWN', NULL, '7'),
       (180, '37.53351840231474', '126.90187513076035', 'UNKNOWN', NULL, '10'),
       (181, '37.534175000227975', '126.90161850358115', 'UNKNOWN', NULL, '13'),
       (182, '37.52883954653318', '126.91640577325325', 'UNKNOWN', NULL, '6'),
       (183, '37.5216215809446', '126.92370972949809', 'UNKNOWN', NULL, '1'),
       (184, '37.517194299998465', '126.92902245280838', 'UNKNOWN', NULL, '3'),
       (185, '37.51752058786568', '126.92873954797956', 'UNKNOWN', NULL, '1'),
       (186, '37.51334030546486', '126.93990142637718', 'UNKNOWN', NULL, '6'),
       (187, '37.51377296050352', '126.9416705309573', 'UNKNOWN', NULL, '3-1'),
       (188, '37.5146728845032', '126.94117885983667', 'UNKNOWN', NULL, '8'),
       (189, '37.51213036434782', '126.95423549858963', 'UNKNOWN', NULL, '3'),
       (190, '37.512896752769116', '126.9524738006009', 'UNKNOWN', NULL, '1'),
       (191, '37.51239446858795', '126.95226603221062', 'UNKNOWN', NULL, '5'),
       (192, '37.508725943528255', '126.96351962788466', 'UNKNOWN', NULL, '4'),
       (193, '37.50891304989041', '126.9639092442565', 'UNKNOWN', NULL, '2'),
       (194, '37.50321256138417', '126.9760906816393', 'UNKNOWN', NULL, '7'),
       (195, '37.503581106154044', '126.97652720136827', 'UNKNOWN', NULL, '6'),
       (196, '37.50170637087281', '126.98667546657511', 'UNKNOWN', NULL, '2'),
       (197, '37.50156534100443', '126.98684265682752', 'UNKNOWN', NULL, '3'),
       (198, '37.50375149087586', '126.99643289567054', 'UNKNOWN', NULL, '2'),
       (199, '37.503504330357664', '126.99654493924434', 'UNKNOWN', NULL, '3'),
       (200, '37.50248115131455', '127.00274829422112', 'UNKNOWN', NULL, '5'),
       (201, '37.50610639977093', '127.00396862101915', 'UNKNOWN', NULL, '8-1'),
       (202, '37.50592900267321', '127.00488213135371', 'UNKNOWN', NULL, '8-2'),
       (203, '37.50466471804537', '127.01468893440506', 'UNKNOWN', NULL, '1'),
       (204, '37.503831556295495', '127.0156855714063', 'UNKNOWN', NULL, '2'),
       (205, '37.50422260584812', '127.02426364751088', 'UNKNOWN', NULL, '9'),
       (206, '37.50462314083485', '127.02408279948735', 'UNKNOWN', NULL, '2'),
       (208, '37.570384160886874', '126.98404302021133', 'AVAILABLE', '종각-승강기)엘리베이터 외부#1', '3'),
       (209, '37.57049982033886', '126.98268850812248', 'AVAILABLE', '종각-승강기)엘리베이터 외부#2', '1'),
       (210, '37.5702646951508', '126.99261106132509', 'AVAILABLE', '종로3가(1)-승강기)엘리베이터 외부#1', '12'),
       (211, '37.570957143976855', '126.99193946010993', 'AVAILABLE', '종로3가(3)-승강기)엘리베이터 2', '2-1'),
       (212, '37.572491218588375', '126.99183426224357', 'AVAILABLE', '종로3가(3)-승강기)엘리베이터 외부#1', '8'),
       (213, '37.571417966123946', '127.01049296509703', 'AVAILABLE', '동대문(1)-승강기)엘리베이터 외부#1', '6'),
       (214, '37.57079391329676', '127.00904036229613', 'AVAILABLE', '동대문(4)-승강기)엘리베이터 외부#1', '9'),
       (215, '37.57837228457723', '127.03376046869968', 'AVAILABLE', '제기동-승강기)엘리베이터 외부#1', '1'),
       (216, '37.5795713810368', '127.04385784866335', 'AVAILABLE', '청량리(1)-승강기)엘리베이터 외부#1', '6'),
       (217, '37.58021377150021', '127.04677520228029', 'UNKNOWN', NULL, '4'),
       (218, '37.57329756951232', '127.0158608830301', 'UNKNOWN', NULL, '10'),
       (219, '37.57329704981851', '127.01744971746365', 'UNKNOWN', NULL, '3'),
       (220, '37.57709451960146', '126.8130259710605', 'AVAILABLE', '방화-승강기)엘리베이터 3', '1'),
       (221, '37.5721192384128', '126.80632824857562', 'AVAILABLE', '개화산-승강기)엘리베이터 1', '1'),
       (222, '37.56145957035835', '126.81171212898987', 'AVAILABLE', '송정-승강기)엘리베이터 3', '2'),
       (223, '37.56109341642888', '126.81171880006957', 'REPAIR', '송정-승강기)엘리베이터 4', '3'),
       (224, '37.55978844330742', '126.82762819176509', 'AVAILABLE', '마곡-승강기)엘리베이터 5', '3'),
       (225, '37.56021130610568', '126.82571836173986', 'UNKNOWN', NULL, '2'),
       (226, '37.55959772466841', '126.82526277001223', 'AVAILABLE', '마곡-승강기)엘리베이터 4', '7'),
       (227, '37.55869947333971', '126.83879638988346', 'UNKNOWN', NULL, '4'),
       (228, '37.55822942112063', '126.83788344497093', 'AVAILABLE', '발산-승강기)엘리베이터 3', '7'),
       (229, '37.55818078607875', '126.8379390465266', 'AVAILABLE', '발산-승강기)엘리베이터 3', '7'),
       (230, '37.54882403924785', '126.8365222103371', 'UNKNOWN', NULL, '4'),
       (231, '37.54194609878696', '126.84057815452091', 'AVAILABLE', '화곡-승강기)엘리베이터 2', '2'),
       (232, '37.525863779120336', '126.86490383032003', 'AVAILABLE', '목동-승강기)엘리베이터 3', '5'),
       (233, '37.52431740935767', '126.87541610324122', 'AVAILABLE', '오목교-승강기)엘리베이터 3', '7'),
       (234, '37.525946973666095', '126.87436078557165', 'UNKNOWN', NULL, '2'),
       (235, '37.522751329407896', '126.90536292581659', 'UNKNOWN', NULL, '3'),
       (236, '37.526661358992385', '126.93268675142608', 'AVAILABLE', '여의나루-승강기)엘리베이터 3', '4'),
       (237, '37.539595375651786', '126.94547263896303', 'UNKNOWN', NULL, '1'),
       (238, '37.53983774765563', '126.94580268858442', 'AVAILABLE', '마포-승강기)엘리베이터 2', '2'),
       (239, '37.54004574526284', '126.94610459354729', 'AVAILABLE', '마포-승강기)엘리베이터 2', '2'),
       (240, '37.54439187191186', '126.95108366628236', 'AVAILABLE', '공덕(5)-승강기)엘리베이터 2', '2'),
       (241, '37.544376300510365', '126.95157265493984', 'AVAILABLE', '공덕(6)-승강기)엘리베이터 3', '5'),
       (242, '37.54291400608003', '126.9517267571675', 'UNKNOWN', NULL, '9'),
       (243, '37.55347487091177', '126.95645091197652', 'AVAILABLE', '애오개-승강기)엘리베이터 4', '2'),
       (244, '37.553348139136745', '126.95685235126594', 'AVAILABLE', '애오개-승강기)엘리베이터 5', '3'),
       (245, '37.565741763891026', '126.96738096168892', 'AVAILABLE', '서대문-승강기)엘리베이터 3', '6'),
       (246, '37.565890019971285', '126.96727022454114', 'UNKNOWN', NULL, '5'),
       (247, '37.5659356710314', '126.96619182964959', 'AVAILABLE', '서대문-승강기)엘리베이터 2', '2'),
       (248, '37.56004268453945', '127.01392137942608', 'AVAILABLE', '청구(6)-승강기)엘리베이터 4', '3'),
       (249, '37.56045598790137', '127.01375386694187', 'AVAILABLE', '청구(6)-승강기)엘리베이터 5', '1'),
       (250, '37.5548075411513', '127.0201658559206', 'UNKNOWN', NULL, '3'),
       (251, '37.557138333540436', '127.0292600230087', 'AVAILABLE', '행당-승강기)엘리베이터 3', '3'),
       (252, '37.56147148422309', '127.03695584542831', 'UNKNOWN', NULL, '4'),
       (253, '37.56674286034835', '127.05252026699624', 'AVAILABLE', '답십리-승강기)엘리베이터 4', '6'),
       (254, '37.56744967362509', '127.05234352726829', 'AVAILABLE', '답십리-승강기)엘리베이터 3', '2'),
       (255, '37.56129215804974', '127.0643732470105', 'AVAILABLE', '장한평-승강기)엘리베이터 2', '7'),
       (256, '37.56175608746401', '127.06437092436406', 'AVAILABLE', '장한평-승강기)엘리베이터 3', '1'),
       (257, '37.55701451872661', '127.08042437712298', 'AVAILABLE', '군자(5)-승강기)엘리베이터 3', '4'),
       (258, '37.55685442945729', '127.07911307778254', 'AVAILABLE', '군자(7)-승강기)엘리베이터 외부1', '7'),
       (259, '37.55180047085091', '127.08944554425713', 'UNKNOWN', NULL, '3'),
       (260, '37.54479668536021', '127.10443759020698', 'AVAILABLE', '광나루-승강기)엘리베이터 4', '3'),
       (261, '37.54552634087132', '127.10359675377524', 'AVAILABLE', '광나루-승강기)엘리베이터 3', '1'),
       (262, '37.53811502961933', '127.12448671755027', 'AVAILABLE', '천호(5)-승강기)엘리베이터 1', '7'),
       (263, '37.53591207885099', '127.1329072079279', 'UNKNOWN', NULL, '2-1'),
       (264, '37.536282475061434', '127.13179010475156', 'AVAILABLE', '강동-승강기)엘리베이터 2', '1'),
       (265, '37.53782062327283', '127.13978304015922', 'UNKNOWN', NULL, '1'),
       (266, '37.545800531295995', '127.14283743789058', 'UNKNOWN', NULL, '1'),
       (267, '37.55130403047023', '127.14416312041527', 'UNKNOWN', NULL, '1'),
       (268, '37.555087361086464', '127.15380158870624', 'AVAILABLE', '고덕-승강기)엘리베이터 3', '2'),
       (269, '37.55488135255971', '127.15383278569297', 'AVAILABLE', '고덕-승강기)엘리베이터 3', '2'),
       (270, '37.55672080615116', '127.1652598279911', 'AVAILABLE', '상일동-승강기)엘리베이터 1', '1'),
       (271, '37.556972843259466', '127.16785895296137', 'AVAILABLE', '상일동-승강기)엘리베이터 2', '3'),
       (272, '37.556847484259855', '127.16790251023284', 'AVAILABLE', '상일동-승강기)엘리베이터 3', '5'),
       (273, '37.527920277421906', '127.13596286453593', 'REPAIR', '둔촌동-승강기)엘리베이터 3', '4'),
       (274, '37.515968021653165', '127.13111036762389', 'AVAILABLE', '올림픽공원(5)-승강기)엘리베이터 4', '2'),
       (275, '37.516040328917775', '127.13120675007835', 'AVAILABLE', '올림픽공원(5)-승강기)엘리베이터 4', '2'),
       (276, '37.516538146120155', '127.13086140464432', 'UNKNOWN', NULL, '4'),
       (277, '37.508875502115316', '127.12645170899927', 'AVAILABLE', '방이-승강기)엘리베이터 4', '1'),
       (278, '37.50859898482835', '127.12576411743366', 'AVAILABLE', '방이-승강기)엘리베이터 3', '3'),
       (279, '37.5019950564144', '127.1276546686349', 'AVAILABLE', '오금(5)-승강기)엘리베이터 5', '5'),
       (280, '37.50237872868276', '127.12812266456203', 'AVAILABLE', '오금(3)-승강기)엘리베이터 외부#1', '1'),
       (281, '37.498076391582494', '127.13443907118028', 'AVAILABLE', '개롱-승강기)엘리베이터 3', '4'),
       (282, '37.49333445162444', '127.14418749865008', 'AVAILABLE', '거여-승강기)엘리베이터 3', '2'),
       (283, '37.55752807526354', '127.17518788070038', 'AVAILABLE', '강일-승강기)엘리베이터 5', '1'),
       (284, '37.55719263812985', '127.17527393090732', 'AVAILABLE', '강일-승강기)엘리베이터 8', '4'),
       (285, '37.55740515340641', '127.17628284410385', 'REPAIR', '강일-승강기)엘리베이터 6', '2'),
       (286, '37.59896321504193', '126.91592500447203', 'AVAILABLE', '응암-승강기)엘리베이터 2', '4'),
       (287, '37.60588462747197', '126.923048451063', 'AVAILABLE', '역촌-승강기)엘리베이터 2', '4'),
       (288, '37.61117376260042', '126.92958881062188', 'AVAILABLE', '불광(6)-승강기)엘리베이터 3', '8'),
       (289, '37.61845276897667', '126.93296148008154', 'AVAILABLE', '독바위-승강기)엘리베이터 2', '1'),
       (290, '37.61916046901461', '126.92086949978284', 'UNKNOWN', NULL, '2'),
       (291, '37.611632093566115', '126.91706864190141', 'AVAILABLE', '구산-승강기)엘리베이터 1', '4'),
       (292, '37.59151721910183', '126.91391731295879', 'UNKNOWN', NULL, '2'),
       (293, '37.58352926196434', '126.90949508586425', 'AVAILABLE', '증산-승강기)엘리베이터 3', '2'),
       (294, '37.5773468201649', '126.9024010825811', 'AVAILABLE', '디지털미디어시티(6)-승강기)엘리베이터 3', '4'),
       (295, '37.577560088597856', '126.8972528803836', 'UNKNOWN', NULL, '9'),
       (296, '37.57736414145408', '126.89757058169681', 'UNKNOWN', NULL, '9'),
       (297, '37.57699696063804', '126.8988447256151', 'UNKNOWN', NULL, '7'),
       (298, '37.569833078341844', '126.8988343906049', 'AVAILABLE', '월드컵경기장-승강기)엘리베이터 3', '2'),
       (299, '37.57010200754074', '126.899029493156', 'UNKNOWN', NULL, '3'),
       (300, '37.56450385520397', '126.9021814894106', 'AVAILABLE', '마포구청-승강기)엘리베이터 3', '8'),
       (301, '37.56406657464101', '126.90253397769492', 'AVAILABLE', '마포구청-승강기)엘리베이터 4', '2'),
       (302, '37.56424893176043', '126.90294368193929', 'AVAILABLE', '마포구청-승강기)엘리베이터 4', '2'),
       (303, '37.55585910263315', '126.91008718789283', 'AVAILABLE', '망원-승강기)엘리베이터 2', '2'),
       (304, '37.54765436698118', '126.92325187272023', 'UNKNOWN', NULL, '3'),
       (305, '37.54772792950233', '126.93121362562049', 'AVAILABLE', '광흥창-승강기)엘리베이터 1', '1'),
       (306, '37.53867222482999', '126.96287530604673', 'UNKNOWN', NULL, '4'),
       (307, '37.53324390799929', '126.97208802724165', 'AVAILABLE', '삼각지(4)-승강기)엘리베이터 외부#3', '3'),
       (308, '37.53544427746918', '126.97487218084466', 'AVAILABLE', '삼각지(6)-승강기)엘리베이터 4', '12'),
       (309, '37.535545893811324', '126.97334080869149', 'REPAIR', '삼각지(6)-승강기)엘리베이터 3', '8'),
       (310, '37.53463335217203', '126.9727762304396', 'AVAILABLE', '삼각지(4)-승강기)엘리베이터 외부#2', '5'),
       (311, '37.53437479773196', '126.97318218772446', 'AVAILABLE', '삼각지(4)-승강기)엘리베이터 외부#1', '2'),
       (312, '37.535503546420955', '126.97342555049333', 'REPAIR', '삼각지(6)-승강기)엘리베이터 3', '8'),
       (313, '37.53489214268974', '126.98664574454246', 'UNKNOWN', NULL, '3'),
       (314, '37.53460961173082', '126.9940830495346', 'AVAILABLE', '이태원-승강기)엘리베이터 2', '2'),
       (315, '37.54028507253922', '127.00197865237232', 'AVAILABLE', '한강진-승강기)엘리베이터 3', '3'),
       (316, '37.548193242270244', '127.00738870965667', 'AVAILABLE', '버티고개-승강기)엘리베이터 5', '2'),
       (317, '37.55486270741788', '127.01091782508675', 'AVAILABLE', '약수(3)-승강기)엘리베이터 외부#1', '3'),
       (318, '37.57992200287952', '127.01505874969273', 'AVAILABLE', '창신-승강기)엘리베이터 3', '2'),
       (319, '37.57951303710329', '127.01551499790813', 'AVAILABLE', '창신-승강기)엘리베이터 2', '4'),
       (320, '37.58510930994358', '127.01931231375174', 'UNKNOWN', NULL, '7'),
       (321, '37.58645190525066', '127.02870932118485', 'UNKNOWN', NULL, '1'),
       (322, '37.59008389567485', '127.0365943725265', 'AVAILABLE', '고려대-승강기)엘리베이터 4', '4'),
       (323, '37.589903701881', '127.03599628981162', 'AVAILABLE', '고려대-승강기)엘리베이터 3', '1'),
       (324, '37.602205200978524', '127.04158382144861', 'AVAILABLE', '월곡-승강기)엘리베이터 3', '5'),
       (325, '37.6058716207125', '127.04781012738063', 'AVAILABLE', '상월곡-승강기)엘리베이터 1', '4'),
       (326, '37.61103252710182', '127.05700903613837', 'AVAILABLE', '돌곶이-승강기)엘리베이터 3', '3'),
       (327, '37.614779715135974', '127.06689072528204', 'AVAILABLE', '석계(6)-승강기)엘리베이터 4', '4'),
       (328, '37.61497482217577', '127.06544038263668', 'AVAILABLE', '석계(6)-승강기)엘리베이터 3', '1'),
       (329, '37.615019145740426', '127.06549693122311', 'AVAILABLE', '석계(6)-승강기)엘리베이터 3', '1'),
       (330, '37.61723406629772', '127.07494496972895', 'AVAILABLE', '태릉입구(6)-승강기)엘리베이터 3', '8'),
       (331, '37.61820019899475', '127.07522092325799', 'UNKNOWN', NULL, '2'),
       (332, '37.61835324108867', '127.07522311614989', 'UNKNOWN', NULL, '2'),
       (333, '37.62009082988851', '127.08409563076016', 'AVAILABLE', '화랑대-승강기)엘리베이터 3', '1'),
       (334, '37.620028775545926', '127.08387399544289', 'AVAILABLE', '화랑대-승강기)엘리베이터 3', '1'),
       (335, '37.617384914960255', '127.09066701474086', 'AVAILABLE', '봉화산-승강기)엘리베이터 2', '4'),
       (336, '37.617083566782085', '127.09242515713647', 'AVAILABLE', '봉화산-승강기)엘리베이터 1', '2'),
       (337, '37.61243665370193', '127.10343157446073', 'UNKNOWN', NULL, '4'),
       (338, '37.613265075935374', '127.10345285961296', 'UNKNOWN', NULL, '3'),
       (339, '37.61343898487073', '127.10347323836092', 'UNKNOWN', NULL, '2'),
       (340, '37.69040190146671', '127.04638712197654', 'UNKNOWN', NULL, '1-1'),
       (341, '37.68875863552011', '127.04633579109901', 'UNKNOWN', NULL, '3'),
       (342, '37.68873718653466', '127.04599012083195', 'UNKNOWN', NULL, '1'),
       (343, '37.67897323805541', '127.05554366087564', 'UNKNOWN', NULL, '1'),
       (344, '37.67886910081437', '127.05558607152649', 'UNKNOWN', NULL, '1'),
       (345, '37.66426569991782', '127.05771192466472', 'AVAILABLE', '마들-승강기)엘리베이터 2', '5'),
       (346, '37.66446041310993', '127.05813592263188', 'AVAILABLE', '마들-승강기)엘리베이터 3', '4'),
       (347, '37.66568300826285', '127.05781110398023', 'AVAILABLE', '마들-승강기)엘리베이터 4', '2'),
       (348, '37.65512772903856', '127.06057673060545', 'AVAILABLE', '노원(7)-승강기)엘리베이터 2', '3'),
       (349, '37.65483555899676', '127.06071320176618', 'AVAILABLE', '노원(7)-승강기)엘리베이터 2', '3'),
       (350, '37.65644233924894', '127.06323280237103', 'CONSTRUCTION', '노원(4)-승강기)엘리베이터 외부#2', '9'),
       (351, '37.65608880453136', '127.06302935894196', 'AVAILABLE', '노원(4)-승강기)엘리베이터 외부#1', '2'),
       (352, '37.65609169935713', '127.06282271528931', 'AVAILABLE', '노원(4)-승강기)엘리베이터 외부#1', '2'),
       (353, '37.656289440954396', '127.06275633467037', 'CONSTRUCTION', '노원(4)-승강기)엘리베이터 외부#2', '9'),
       (354, '37.645770179456676', '127.06356801546058', 'UNKNOWN', NULL, '6'),
       (355, '37.64496163317292', '127.06392077344802', 'AVAILABLE', '중계-승강기)엘리베이터 2', '5'),
       (356, '37.63752301024277', '127.06772920565412', 'AVAILABLE', '하계-승강기)엘리베이터 3', '1'),
       (357, '37.637281576687485', '127.06790770066434', 'AVAILABLE', '하계-승강기)엘리베이터 3', '1'),
       (358, '37.63693568888678', '127.06754180931395', 'AVAILABLE', '하계-승강기)엘리베이터 4', '6'),
       (359, '37.62557469923346', '127.07329283381253', 'UNKNOWN', NULL, '2'),
       (360, '37.61098277468011', '127.07789443323499', 'UNKNOWN', NULL, '2'),
       (361, '37.60230158736344', '127.07917976297286', 'UNKNOWN', NULL, '3'),
       (362, '37.59737487941775', '127.08557842385812', 'UNKNOWN', NULL, '7'),
       (363, '37.59673375847556', '127.08604075619154', 'UNKNOWN', NULL, '8'),
       (364, '37.5956765983117', '127.08585546539616', 'UNKNOWN', NULL, '2'),
       (365, '37.58847546853265', '127.0873440951114', 'UNKNOWN', NULL, '3'),
       (366, '37.580575730241755', '127.0882701339492', 'UNKNOWN', NULL, '3'),
       (367, '37.57422778065785', '127.08678440035503', 'UNKNOWN', NULL, '1'),
       (368, '37.566106449121094', '127.08472991711405', 'UNKNOWN', NULL, '1'),
       (369, '37.54774391481803', '127.07432220240622', 'UNKNOWN', NULL, '5'),
       (370, '37.548626407905175', '127.07525337918831', 'UNKNOWN', NULL, '6'),
       (371, '37.53183612794797', '127.06716072599079', 'UNKNOWN', NULL, '1'),
       (372, '37.51884640612913', '127.05133075135605', 'UNKNOWN', NULL, '5'),
       (373, '37.51920117805046', '127.05122468525306', 'UNKNOWN', NULL, '10'),
       (374, '37.51750062074198', '127.04142498863862', 'UNKNOWN', NULL, '4'),
       (375, '37.51693774478827', '127.04111437913541', 'UNKNOWN', NULL, '2'),
       (376, '37.517056577579034', '127.0416057508422', 'UNKNOWN', NULL, '1'),
       (377, '37.5173728821834', '127.0409334345037', 'UNKNOWN', NULL, '3-1'),
       (378, '37.51389301558195', '127.03112538605993', 'UNKNOWN', NULL, '3'),
       (379, '37.51133061451594', '127.02163708917021', 'UNKNOWN', NULL, '10'),
       (380, '37.50843114872304', '127.01176478230641', 'UNKNOWN', NULL, '6'),
       (381, '37.508190807770426', '127.01215726074881', 'UNKNOWN', NULL, '1'),
       (382, '37.48738159843083', '126.99356727393459', 'UNKNOWN', NULL, '3'),
       (383, '37.48763283289275', '126.99286015158096', 'UNKNOWN', NULL, '5'),
       (384, '37.4847424939603', '126.98094719455048', 'UNKNOWN', NULL, '9'),
       (385, '37.48485018324627', '126.98092059295598', 'UNKNOWN', NULL, '9'),
       (386, '37.485346870607714', '126.98135850105734', 'UNKNOWN', NULL, '11'),
       (387, '37.48473947477951', '126.97145089485716', 'AVAILABLE', '남성-승강기)엘리베이터 3', '3'),
       (388, '37.49582198536885', '126.95379404109858', 'UNKNOWN', NULL, '2'),
       (389, '37.495995707189685', '126.95416941763811', 'UNKNOWN', NULL, '3'),
       (390, '37.50315902197367', '126.94817010008148', 'UNKNOWN', NULL, '5'),
       (391, '37.50457094121145', '126.9388548744508', 'UNKNOWN', NULL, '2'),
       (392, '37.49960253231366', '126.9280217937874', 'UNKNOWN', NULL, '2'),
       (393, '37.5000847411346', '126.92002830294443', 'UNKNOWN', NULL, '6'),
       (394, '37.50021752354239', '126.90960495233836', 'UNKNOWN', NULL, '5'),
       (395, '37.50022604847902', '126.90878628409236', 'UNKNOWN', NULL, '4'),
       (396, '37.500220279997414', '126.9094519655718', 'UNKNOWN', NULL, '5'),
       (397, '37.48155139076436', '126.88285466494341', 'UNKNOWN', NULL, '1'),
       (398, '37.480400334938516', '126.88179679561445', 'AVAILABLE', '가산디지털단지(7)-승강기)엘리베이터 4', '6'),
       (399, '37.481438744935524', '126.88234510267432', 'UNKNOWN', NULL, '7'),
       (400, '37.48660090996876', '126.83859672097852', 'UNKNOWN', NULL, '2'),
       (401, '37.48682345199029', '126.83900118980193', 'UNKNOWN', NULL, '3'),
       (402, '37.492311856458706', '126.82413480343135', 'UNKNOWN', NULL, '1'),
       (403, '37.492238367025415', '126.82387616745623', 'UNKNOWN', NULL, '3'),
       (404, '37.492030733573095', '126.82429599147147', 'UNKNOWN', NULL, '2'),
       (405, '37.49238101377357', '126.82438420855027', 'UNKNOWN', NULL, '1'),
       (406, '37.49212007972055', '126.82415341470724', 'UNKNOWN', NULL, '2'),
       (407, '37.492657774729715', '126.82398320230304', 'UNKNOWN', NULL, '8'),
       (408, '37.492678354159196', '126.82397684184369', 'UNKNOWN', NULL, '8'),
       (409, '37.55012621439297', '127.12735700818776', 'UNKNOWN', NULL, '3'),
       (410, '37.53032246263641', '127.12023524093304', 'AVAILABLE', '강동구청-승강기)엘리베이터 3', '4'),
       (411, '37.5176243275448', '127.11218692416507', 'UNKNOWN', NULL, '4'),
       (412, '37.50569247427557', '127.10712604127323', 'AVAILABLE', '석촌(8)-승강기)엘리베이터 3', '1'),
       (413, '37.5048046984708', '127.10717808749946', 'UNKNOWN', NULL, '5'),
       (414, '37.499504154508294', '127.11274757857919', 'UNKNOWN', NULL, '2'),
       (415, '37.492274322364054', '127.11840694048179', 'AVAILABLE', '가락시장(3)-승강기)엘리베이터 외부#1', '7'),
       (416, '37.4926682640709', '127.11809736541939', 'AVAILABLE', '가락시장(8)-승강기)엘리베이터 5', '1'),
       (417, '37.49292867153217', '127.11887099721821', 'AVAILABLE', '가락시장(8)-승강기)엘리베이터 6', '4'),
       (418, '37.48625939608584', '127.12268435465137', 'UNKNOWN', NULL, '2'),
       (419, '37.4788552424736', '127.12639740220624', 'UNKNOWN', NULL, '1'),
       (420, '37.47846564287927', '127.12588543555984', 'UNKNOWN', NULL, '4'),
       (421, '37.63702699636522', '126.91899211696432', 'AVAILABLE', '구파발-승강기)엘리베이터 외부#1', '1'),
       (422, '37.60123831742696', '126.93584224201496', 'AVAILABLE', '녹번-승강기)엘리베이터 외부#2', '1'),
       (423, '37.60060061273248', '126.93568861541915', 'REPAIR', '녹번-승강기)엘리베이터 외부#1', '3'),
       (424, '37.58878306597357', '126.94393620273021', 'AVAILABLE', '홍제-승강기)엘리베이터 외부#1', '4'),
       (425, '37.589201157603185', '126.94390285629028', 'AVAILABLE', '홍제-승강기)엘리베이터 외부#2', '1'),
       (426, '37.582514506179834', '126.95045380750116', 'AVAILABLE', '무악재-승강기)엘리베이터 외부#1', '1'),
       (427, '37.574042435212895', '126.95815870261268', 'UNKNOWN', NULL, '3-1'),
       (428, '37.575965675947124', '126.97413365201709', 'AVAILABLE', '경복궁-승강기)엘리베이터 외부#1', '4'),
       (429, '37.57622646659184', '126.98515892357797', 'UNKNOWN', NULL, '1'),
       (430, '37.56134894018797', '126.99338924584126', 'AVAILABLE', '충무로(4)-승강기)엘리베이터 외부#1', '7'),
       (431, '37.55885563564389', '127.0053515758039', 'AVAILABLE', '동대입구-승강기)엘리베이터 외부#1', '6'),
       (432, '37.54797997587809', '127.01569073924914', 'AVAILABLE', '금호-승강기)엘리베이터 외부#2', '3'),
       (433, '37.548144652057665', '127.0160389167777', 'AVAILABLE', '금호-승강기)엘리베이터 외부#1', '2'),
       (434, '37.540726034623376', '127.01851564940316', 'UNKNOWN', NULL, '3'),
       (435, '37.54170356231242', '127.01715562572993', 'AVAILABLE', '옥수(3)-승강기)엘리베이터 외부#1', '4'),
       (436, '37.525892663674185', '127.02891049219208', 'AVAILABLE', '압구정-승강기)엘리베이터 외부#1', '3'),
       (437, '37.52701994981133', '127.02868608235528', 'AVAILABLE', '압구정-승강기)엘리베이터 외부#2', '2'),
       (438, '37.516340050883976', '127.02070850498737', 'REPAIR', '신사-승강기)엘리베이터 외부#1', '1'),
       (439, '37.51669255474552', '127.02032647694507', 'UNKNOWN', NULL, '7'),
       (440, '37.51287477892826', '127.01169061538495', 'AVAILABLE', '잠원-승강기)엘리베이터 외부#1', '1'),
       (441, '37.51293642983119', '127.01188215259691', 'AVAILABLE', '잠원-승강기)엘리베이터 외부#1', '1'),
       (442, '37.484749622986875', '127.01627339714322', 'AVAILABLE', '남부터미널-승강기)엘리베이터 외부#1', '5'),
       (443, '37.4842604369852', '127.03381116531594', 'AVAILABLE', '양재(3)-승강기)엘리베이터 외부#2', '11'),
       (444, '37.48369017124253', '127.03539228037845', 'UNKNOWN', NULL, '7'),
       (445, '37.48333239032897', '127.03490883241037', 'UNKNOWN', NULL, '10'),
       (446, '37.48483005441413', '127.03445228796363', 'AVAILABLE', '양재(3)-승강기)엘리베이터 외부#1', '4'),
       (447, '37.486754644929604', '127.04587803093463', 'REPAIR', '매봉-승강기)엘리베이터 외부#1', '1'),
       (448, '37.48687369616093', '127.0459985741961', 'REPAIR', '매봉-승강기)엘리베이터 외부#1', '1'),
       (449, '37.490728411095084', '127.05568242908524', 'UNKNOWN', NULL, '3'),
       (450, '37.49396072181887', '127.06240348134602', 'REPAIR', '대치-승강기)엘리베이터 외부#1', '7'),
       (451, '37.49648060445571', '127.07085555801159', 'AVAILABLE', '학여울-승강기)엘리베이터 외부#1', '1'),
       (452, '37.49400010041536', '127.07919737008648', 'AVAILABLE', '대청-승강기)엘리베이터 외부#1', '8'),
       (453, '37.49410309059686', '127.07915048666233', 'AVAILABLE', '대청-승강기)엘리베이터 외부#1', '8'),
       (454, '37.48413774256001', '127.08386132408955', 'REPAIR', '일원-승강기)엘리베이터 외부#2', '1'),
       (455, '37.48417209947984', '127.08382115631785', 'REPAIR', '일원-승강기)엘리베이터 외부#2', '1'),
       (456, '37.48734447436931', '127.10116880267131', 'UNKNOWN', NULL, '1-1'),
       (457, '37.48723172140383', '127.10222108384063', 'AVAILABLE', '수서(3)-승강기)엘리베이터 외부#2', '5'),
       (458, '37.495598317882155', '127.12438431154727', 'AVAILABLE', '경찰병원-승강기)엘리베이터 외부#2', '3'),
       (459, '37.495688123662106', '127.12385882785848', 'UNKNOWN', NULL, '2'),
       (460, '37.65339581008838', '127.04870732948308', 'AVAILABLE', '창동(4)-승강기)엘리베이터 외부#1', '1'),
       (461, '37.65347202122307', '127.04879134229733', 'AVAILABLE', '창동(4)-승강기)엘리베이터 외부#1', '1'),
       (462, '37.652965136831206', '127.04662624555345', 'AVAILABLE', '창동(4)-승강기)엘리베이터 외부#2', '2'),
       (463, '37.648604930017555', '127.03491226633054', 'AVAILABLE', '쌍문-승강기)엘리베이터 외부#1', '1'),
       (464, '37.63823406870083', '127.02611923318311', 'AVAILABLE', '수유-승강기)엘리베이터 외부#1', '1'),
       (465, '37.62743496367359', '127.02598928827703', 'AVAILABLE', '미아-승강기)엘리베이터 외부#1', '1'),
       (466, '37.627317380924964', '127.02595225589324', 'AVAILABLE', '미아-승강기)엘리베이터 외부#1', '1'),
       (467, '37.61405950301784', '127.0301964279607', 'UNKNOWN', NULL, '1'),
       (468, '37.613935490286146', '127.03029667593717', 'UNKNOWN', NULL, '1'),
       (469, '37.60370237903014', '127.02536918919985', 'AVAILABLE', '길음-승강기)엘리베이터 외부#1', '5'),
       (470, '37.603333534396576', '127.02486697119333', 'AVAILABLE', '길음-승강기)엘리베이터 외부#2', '4'),
       (471, '37.592414721531746', '127.01631450773534', 'REPAIR', '성신여대입구(4)-승강기)엘리베이터 외부#2', '3'),
       (472, '37.592549177509106', '127.01678605286669', 'AVAILABLE', '성신여대입구(4)-승강기)엘리베이터 외부#1', '2'),
       (473, '37.58857278591804', '127.00568283753998', 'AVAILABLE', '한성대입구-승강기)엘리베이터 외부#2', '5'),
       (474, '37.58818994042889', '127.00605969945516', 'AVAILABLE', '한성대입구-승강기)엘리베이터 외부#1', '4'),
       (475, '37.58144803112957', '127.00175612966481', 'AVAILABLE', '혜화-승강기)엘리베이터 외부#2', '3'),
       (476, '37.58169863717817', '127.00225226116126', 'AVAILABLE', '혜화-승강기)엘리베이터 외부#1', '2'),
       (477, '37.55954535514301', '126.97971653241723', 'UNKNOWN', NULL, '7'),
       (478, '37.55783997537399', '126.97738849159818', 'UNKNOWN', NULL, '5'),
       (479, '37.559327491083465', '126.98011563509996', 'UNKNOWN', NULL, '1'),
       (480, '37.545264225612115', '126.97176135641871', 'AVAILABLE', '숙대입구-승강기)엘리베이터 외부#1', '10'),
       (481, '37.52933376757614', '126.96774445722293', 'AVAILABLE', '신용산-승강기)엘리베이터 외부#2', '4'),
       (482, '37.52985984617091', '126.9688092927299', 'AVAILABLE', '신용산-승강기)엘리베이터 외부#1', '1'),
       (483, '37.522265563657335', '126.97549021831182', 'AVAILABLE', '이촌(4)-승강기)엘리베이터 외부#2', '2'),
       (484, '37.522832611531676', '126.97369133216311', 'UNKNOWN', NULL, '5'),
       (485, '37.52180463510742', '126.9752011226129', 'UNKNOWN', NULL, '3-1'),
       (486, '37.52285554959407', '126.97340416810727', 'UNKNOWN', NULL, '5'),
       (487, '37.48802792998867', '126.98202481192345', 'AVAILABLE', '총신대입구(4)-승강기)엘리베이터 외부#2', '14'),
       (488, '37.48802800709718', '126.98253897821854', 'AVAILABLE', '총신대입구(4)-승강기)엘리베이터 외부#1', '1'),
       (489, '37.46466417956047', '126.98854297431377', 'AVAILABLE', '남태령-승강기)엘리베이터 외부#1', '2'),
       (490, '37.50741773216036', '127.03356634573534', 'UNKNOWN', NULL, '2'),
       (491, '37.50718411043244', '127.03422410297506', 'UNKNOWN', NULL, '5'),
       (492, '37.510013341972964', '127.04375325983744', 'UNKNOWN', NULL, '4'),
       (493, '37.51053062381553', '127.04356969698945', 'UNKNOWN', NULL, '1'),
       (494, '37.512920251329916', '127.0537701609788', 'UNKNOWN', NULL, '5'),
       (495, '37.51334146687795', '127.05350327463483', 'UNKNOWN', NULL, '3'),
       (496, '37.51459989353943', '127.0605962799738', 'UNKNOWN', NULL, '4'),
       (497, '37.51385427758381', '127.05983712803229', 'UNKNOWN', NULL, '7'),
       (498, '37.50222620219997', '127.09716403742473', 'UNKNOWN', NULL, '3'),
       (499, '37.502723954661136', '127.09676201224372', 'UNKNOWN', NULL, '1'),
       (500, '37.50219578381938', '127.09672999764707', 'UNKNOWN', NULL, '4'),
       (501, '37.502763656483346', '127.09718576920491', 'UNKNOWN', NULL, '2'),
       (502, '37.51018015736893', '127.11180181663998', 'UNKNOWN', NULL, '1'),
       (503, '37.51066286392076', '127.1119892740443', 'UNKNOWN', NULL, '2'),
       (504, '37.50993241623552', '127.11241049250222', 'UNKNOWN', NULL, '4'),
       (505, '37.51036928514959', '127.11266683328051', 'UNKNOWN', NULL, '3'),
       (506, '37.51686754955193', '127.11580391281615', 'UNKNOWN', NULL, '2'),
       (507, '37.51608521047556', '127.115452186766', 'UNKNOWN', NULL, '1'),
       (508, '37.51936809774019', '127.13784079519112', 'UNKNOWN', NULL, '2'),
       (509, '37.519775129452434', '127.13820384530973', 'UNKNOWN', NULL, '1'),
       (510, '37.529458714253764', '127.14872889116644', 'UNKNOWN', NULL, '2'),
       (511, '37.528718061495766', '127.1486649763299', 'UNKNOWN', NULL, '3'),
       (512, '37.527854901583346', '127.14798818319892', 'UNKNOWN', NULL, '1'),
       (513, '37.556304621483', '126.97313018202503', 'UNKNOWN', NULL, '8'),
       (515, '37.55495174775363', '126.97163300940909', 'AVAILABLE', '서울역(4)-승강기)엘리베이터 외부#1', '1'),
       (516, '37.55632725997717', '126.97206655819348', 'AVAILABLE', '서울역(1)-승강기)엘리베이터 외부#1', '2'),
       (517, '37.557295350602715', '126.97312061611817', 'AVAILABLE', '서울역(1)-승강기)엘리베이터 외부#2', '4'),
       (518, '37.55270122392351', '126.97276551031285', 'AVAILABLE', '서울역(4)-승강기)엘리베이터 외부#1', '12'),
       (519, '37.55639582421923', '126.971681330885', 'AVAILABLE', '서울역(1)-승강기)엘리베이터 외부#1', '2'),
       (520, '37.60676438453807', '127.10787981166136', 'UNKNOWN', NULL, NULL),
       (521, '37.606450385740956', '127.10800565079504', 'UNKNOWN', NULL, NULL),
       (522, '37.58987705017922', '127.05768647925842', 'UNKNOWN', NULL, NULL),
       (523, '37.58960608873551', '127.05816854361002', 'UNKNOWN', NULL, NULL),
       (524, '37.60028425587446', '127.09182267625364', 'UNKNOWN', NULL, NULL),
       (525, '37.59929486664384', '127.09238151232218', 'UNKNOWN', NULL, NULL),
       (526, '37.49757948205108', '127.02713063677525', 'UNKNOWN', NULL, '8'),
       (527, '37.46988070615187', '127.03869775341829', 'UNKNOWN', NULL, NULL),
       (528, '37.47010586350002', '127.03930150941382', 'UNKNOWN', NULL, NULL),
       (529, '37.44835494679063', '127.05440573954033', 'UNKNOWN', NULL, NULL),
       (530, '37.53157856390181', '126.96353664755738', 'UNKNOWN', NULL, NULL),
       (531, '37.528946146579784', '126.96504759441984', 'UNKNOWN', NULL, NULL),
       (532, '37.51911262124247', '126.98971079842092', 'UNKNOWN', NULL, NULL),
       (533, '37.51987899372346', '126.98936174043484', 'UNKNOWN', NULL, NULL),
       (534, '37.552187760365264', '126.93507168819465', 'UNKNOWN', NULL, NULL),
       (535, '37.55273606833493', '126.93467758474341', 'UNKNOWN', NULL, NULL),
       (536, '37.556915907782646', '126.9241862213677', 'AVAILABLE', '홍대입구(2)-승강기)엘리베이터 외부#1', '8'),
       (537, '37.56894262273896', '126.91494252585488', 'UNKNOWN', NULL, NULL),
       (538, '37.56836564141051', '126.9148520085392', 'UNKNOWN', NULL, NULL),
       (539, '37.56854705179686', '126.91462707341849', 'UNKNOWN', NULL, NULL),
       (540, '37.56865500953606', '126.91414488126559', 'UNKNOWN', NULL, NULL),
       (541, '37.543103299428324', '127.04475804636816', 'UNKNOWN', NULL, '2'),
       (542, '37.54328279025688', '127.04442674874248', 'UNKNOWN', NULL, '2'),
       (543, '37.52795638618502', '127.04100881309812', 'UNKNOWN', NULL, '1'),
       (544, '37.52810301175811', '127.04054912480974', 'UNKNOWN', NULL, '7'),
       (545, '37.49611796638646', '127.05323923237874', 'UNKNOWN', NULL, '4'),
       (546, '37.4965872172517', '127.05302413959794', 'UNKNOWN', NULL, '1'),
       (547, '37.48693885293466', '127.05940292688672', 'UNKNOWN', NULL, '2'),
       (548, '37.486563166005446', '127.0601206197728', 'UNKNOWN', NULL, '4'),
       (549, '37.489382216064136', '127.06667286401641', 'UNKNOWN', NULL, '4'),
       (550, '37.48917455058983', '127.06561288882263', 'UNKNOWN', NULL, '1'),
       (551, '37.49135854461028', '127.07317284842284', 'UNKNOWN', NULL, '5'),
       (552, '37.491791007099806', '127.0732939010785', 'UNKNOWN', NULL, '4');
/*!40000 ALTER TABLE `elevator` ENABLE KEYS */;
UNLOCK
TABLES;

--
-- Table structure for table `exits`
--

DROP TABLE IF EXISTS `exits`;
/*!40101 SET @saved_cs_client     = @@character_set_client */;
/*!50503 SET character_set_client = utf8mb4 */;
CREATE TABLE `exits`
(
    `exit_id`     int         NOT NULL AUTO_INCREMENT,
    `exit_number` varchar(5)  NOT NULL,
    `latitude`    varchar(20) NOT NULL,
    `longitude`   varchar(20) NOT NULL,
    PRIMARY KEY (`exit_id`),
    UNIQUE KEY `latitude` (`latitude`,`longitude`)
) ENGINE=InnoDB AUTO_INCREMENT=2985 DEFAULT CHARSET=utf8mb4 COLLATE=utf8mb4_0900_ai_ci;
/*!40101 SET character_set_client = @saved_cs_client */;

--
-- Dumping data for table `exits`
--

LOCK
TABLES `exits` WRITE;
/*!40000 ALTER TABLE `exits` DISABLE KEYS */;
INSERT INTO `exits`
VALUES (1, '1', '37.564436195153', '126.976706124671'),
       (2, '2', '37.56575169611133', '126.97694341183316'),
       (3, '3', '37.5660940723687', '126.976931987362'),
       (4, '4', '37.566823990421504', '126.97750903416207'),
       (5, '5', '37.56614822405592', '126.97740736674685'),
       (6, '6', '37.56478774809793', '126.97755492134716'),
       (7, '7', '37.5643642344666', '126.977317356038'),
       (8, '8', '37.5637514066345', '126.976547877605'),
       (9, '9', '37.5629219939214', '126.974171259695'),
       (10, '10', '37.563264360152935', '126.9741145489079'),
       (11, '11', '37.5638773907196', '126.975778172579'),
       (12, '12', '37.564273973209474', '126.97649112043668'),
       (13, '1', '37.5662391308256', '126.982116030056'),
       (14, '1-1', '37.56624799292946', '126.98116523449427'),
       (15, '2', '37.5664373907697', '126.982387638615'),
       (16, '3', '37.5664915303264', '126.982930938176'),
       (17, '4', '37.56632038006287', '126.98320263276192'),
       (18, '5', '37.56578879404235', '126.98321407102576'),
       (19, '6', '37.565599544302394', '126.9829311417044'),
       (20, '7', '37.56565352426605', '126.98238782316581'),
       (21, '8', '37.56586972247446', '126.98211611836956'),
       (22, '1', '37.5663301156706', '126.989473346631'),
       (23, '2', '37.56635719178496', '126.99000533517143'),
       (24, '3', '37.5664744919425', '126.992280439292'),
       (25, '4', '37.5673935136262', '126.992370897596'),
       (26, '5', '37.5674115493717', '126.992619916963'),
       (27, '6', '37.56651057355811', '126.992948257124'),
       (28, '7', '37.5662763166309', '126.992982236129'),
       (29, '8', '37.565357292506', '126.992846496324'),
       (30, '9', '37.565348269318285', '126.99263143934915'),
       (31, '10', '37.566240232250195', '126.99226914449774'),
       (32, '11', '37.56612294046113', '126.990095918075'),
       (33, '12', '37.5660958486065', '126.989382828024'),
       (34, '1', '37.56675402727329', '126.99753244791181'),
       (35, '2', '37.56697027123094', '126.99778146051655'),
       (36, '3', '37.567880279074', '126.997894625694'),
       (37, '4', '37.5678983031671', '126.998143648014'),
       (38, '5', '37.56705137060888', '126.9983813699485'),
       (39, '6', '37.5668351353907', '126.998686989208'),
       (40, '7', '37.56650176751303', '126.99874359010019'),
       (41, '8', '37.56625849539696', '126.99847193887499'),
       (42, '9', '37.566321553947134', '126.997770160775'),
       (43, '10', '37.566492738215125', '126.99752113752403'),
       (44, '1', '37.5659157898804', '127.008919308511'),
       (45, '2', '37.56533001810327', '127.01043596199342'),
       (46, '3', '37.56501465838218', '127.01056042461398'),
       (47, '4', '37.56446528377635', '127.00751561677917'),
       (48, '5', '37.56423109863674', '127.00624790282602'),
       (49, '6', '37.5646276442997', '127.00370122292453'),
       (50, '7', '37.56484386952118', '127.00412002764047'),
       (51, '8', '37.56491579956232', '127.00723269283621'),
       (52, '9', '37.56545635897586', '127.00783264414355'),
       (53, '10', '37.56567258357351', '127.00804772555269'),
       (54, '11', '37.565816780164894', '127.0074817958435'),
       (55, '12', '37.5659519359828', '127.007379939037'),
       (56, '13', '37.5662762902801', '127.00744788488'),
       (57, '14', '37.5664384521044', '127.007719556989'),
       (58, '1', '37.56582456962482', '127.01855168625997'),
       (59, '2', '37.565806208025435', '127.02061172199605'),
       (60, '3', '37.56558094714453', '127.0206795731417'),
       (61, '4', '37.5655362169054', '127.018766673126'),
       (62, '5', '37.56529328293471', '127.01652548481074'),
       (63, '6', '37.56507707220835', '127.01632169878587'),
       (64, '7', '37.565077112526', '127.01602741019148'),
       (65, '8', '37.56521229699924', '127.01576710645753'),
       (66, '9', '37.56544654081447', '127.01588034431146'),
       (67, '10', '37.56706832132132', '127.01597124134696'),
       (68, '11', '37.56698718370562', '127.01632211554815'),
       (69, '11-1', '37.56679797301009', '127.0163333933158'),
       (70, '12', '37.56552753398114', '127.01658213086063'),
       (71, '1', '37.564579043771964', '127.0291909713021'),
       (72, '1-1', '37.5644166917367', '127.029881348179'),
       (73, '2', '37.56432650279331', '127.0302321911917'),
       (74, '3', '37.564110217198426', '127.03041320212213'),
       (75, '4', '37.56404726896648', '127.02993779380624'),
       (76, '5', '37.56428166730956', '127.02938327268822'),
       (77, '6', '37.564371842589225', '127.02907770359855'),
       (78, '1', '37.56163117380769', '127.03510927673744'),
       (79, '2', '37.561613059211716', '127.03542617973874'),
       (80, '3', '37.56127050936164', '127.03599192834936'),
       (81, '4', '37.56146843494955', '127.03694275622581'),
       (82, '5', '37.56142318870098', '127.03756523703723'),
       (83, '6', '37.56121540335636', '127.03927418206949'),
       (84, '6-1', '37.561017682489144', '127.03774612428735'),
       (85, '7', '37.5611262841564', '127.03620690466114'),
       (86, '8', '37.56103629844469', '127.03583336115409'),
       (87, '9', '37.56080218263591', '127.03535788693051'),
       (88, '10', '37.56103655302455', '127.03498449772327'),
       (89, '11', '37.561342885158346', '127.03500727741323'),
       (90, '12', '37.56134190662839', '127.03816506224842'),
       (91, '13', '37.56142274875224', '127.03892342550003'),
       (92, '1', '37.55680811141972', '127.04332354851341'),
       (93, '2', '37.55597902278858', '127.04378708255959'),
       (94, '3', '37.55461852929385', '127.04375233490221'),
       (95, '4', '37.555780995295464', '127.04326636695664'),
       (96, '1', '37.5477970521572', '127.046170009689'),
       (97, '2', '37.5475985919675', '127.046780959286'),
       (98, '3', '37.54708438914566', '127.04835357173212'),
       (99, '4', '37.54687689826925', '127.04898713589128'),
       (100, '5', '37.5466607756188', '127.048704094304'),
       (101, '6', '37.5468592457815', '127.048093157469'),
       (102, '7', '37.54735541180162', '127.0465544850852'),
       (103, '8', '37.54753582441832', '127.04601142262756'),
       (104, '1', '37.54504521998914', '127.05500592267879'),
       (105, '2', '37.544449594389945', '127.05704230596709'),
       (106, '3', '37.5442154328914', '127.05683844609918'),
       (107, '4', '37.54479299297056', '127.05489258011963'),
       (108, '1', '37.54074027012118', '127.06871667430258'),
       (109, '2', '37.54015359375659', '127.07045864923677'),
       (110, '3', '37.5408828664052', '127.071353230906'),
       (111, '4', '37.540054076811536', '127.07113745598949'),
       (112, '5', '37.53985634491474', '127.07032258980878'),
       (113, '6', '37.5405603131469', '127.068297851068'),
       (114, '1', '37.53699050162533', '127.08502880471019'),
       (115, '2', '37.53752057392229', '127.08711129716946'),
       (116, '3', '37.537322303966405', '127.08717895408283'),
       (117, '4', '37.5368012346798', '127.085107791407'),
       (118, '1', '37.53525313949296', '127.09480236988303'),
       (119, '2', '37.53479339321753', '127.09509595736309'),
       (120, '3', '37.5346133298414', '127.094926015981'),
       (121, '4', '37.5351992790803', '127.09455338773336'),
       (122, '1', '37.52108188068725', '127.10374365095565'),
       (123, '2', '37.5206221510897', '127.10399187995527'),
       (124, '3', '37.52052327964953', '127.1037202534387'),
       (125, '4', '37.52098302850408', '127.10344939887761'),
       (126, '1', '37.51327254601083', '127.10101821017113'),
       (127, '2', '37.5129483686308', '127.100802865937'),
       (128, '2-1', '37.51277735167954', '127.10059903999974'),
       (129, '3', '37.51255241828404', '127.10022548000526'),
       (130, '4', '37.5127515837428', '127.099105969072'),
       (131, '5', '37.51321123739928', '127.09893691260288'),
       (132, '6', '37.514085020305025', '127.0991642877079'),
       (133, '7', '37.51425566775938', '127.09980924667389'),
       (134, '8', '37.5138311386276', '127.101052896191'),
       (135, '9', '37.51486465912726', '127.1040856913318'),
       (136, '10', '37.51450383858407', '127.10456025833014'),
       (137, '11', '37.51436006787589', '127.10411892392689'),
       (138, '1', '37.51133705652401', '127.0876463915758'),
       (139, '2', '37.511293269520905', '127.08592711968802'),
       (140, '3', '37.51142892808217', '127.08522601285986'),
       (141, '4', '37.51144730617969', '127.08472836358122'),
       (142, '5', '37.51192481361081', '127.08476283563151'),
       (143, '6', '37.51204159402361', '127.08524933104091'),
       (144, '7', '37.511878938144875', '127.08590516959372'),
       (145, '8', '37.511814563089175', '127.0876808821621'),
       (146, '1', '37.510949277884194', '127.07506853881057'),
       (147, '2', '37.51085950702407', '127.07454816140519'),
       (148, '3', '37.51061698658988', '127.07334900071025'),
       (149, '4', '37.51050925775085', '127.07271550476742'),
       (150, '5', '37.51133813938313', '127.07278417289521'),
       (151, '6', '37.51165323905093', '127.07319166470873'),
       (152, '7', '37.51176100770021', '127.0737573066411'),
       (153, '8', '37.511733451986004', '127.07459427352691'),
       (154, '9', '37.51107382563738', '127.0775343809004'),
       (155, '1', '37.5088293897314', '127.064061501892'),
       (156, '2', '37.50845107206882', '127.06386890459277'),
       (157, '3', '37.508190182077676', '127.06312220939364'),
       (158, '4', '37.50837067179973', '127.06257947066729'),
       (159, '5', '37.50891141785613', '127.06230847477745'),
       (160, '6', '37.509298754065156', '127.06248976254508'),
       (161, '7', '37.509505533211325', '127.06333821449385'),
       (162, '8', '37.509361153519556', '127.06374526590756'),
       (163, '1', '37.50459242119614', '127.0500565305729'),
       (164, '2', '37.50412419358258', '127.0493550238108'),
       (165, '3', '37.50405222156319', '127.04909485627098'),
       (166, '4', '37.503971568142525', '127.048031704808'),
       (167, '5', '37.5044041103135', '127.047884956782'),
       (168, '6', '37.5046200745197', '127.048563674193'),
       (169, '7', '37.5049624192144', '127.048654373624'),
       (170, '8', '37.5050253774569', '127.04892584773881'),
       (171, '9', '37.50482702004987', '127.04925369927902'),
       (172, '10', '37.50501597488448', '127.04986454816493'),
       (173, '1', '37.500479553579', '127.0372632678719'),
       (174, '2', '37.5004977542199', '127.03668651605'),
       (175, '3', '37.50008370177263', '127.03534054554856'),
       (176, '4', '37.500516238601826', '127.03515980477283'),
       (177, '5', '37.500921290003916', '127.03648315946016'),
       (178, '6', '37.5012186009355', '127.036551158989'),
       (179, '7', '37.50125452510324', '127.03692437847548'),
       (180, '8', '37.501146312139575', '127.03721836268188'),
       (181, '1', '37.498076243713754', '127.02875795264038'),
       (182, '2', '37.4973105164911', '127.028226156861'),
       (183, '3', '37.49676083738737', '127.02849735333375'),
       (184, '4', '37.49558038378202', '127.029051011255'),
       (185, '5', '37.495283161933266', '127.02859856610564'),
       (186, '6', '37.49660779329276', '127.02796579801779'),
       (187, '7', '37.49717549397142', '127.02768329632069'),
       (188, '8', '37.497536025092366', '127.02712930848803'),
       (189, '9', '37.49796856502137', '127.0268806745449'),
       (190, '10', '37.49863528388638', '127.02699400109375'),
       (191, '11', '37.49883338787401', '127.02750296776951'),
       (192, '12', '37.49849976057105', '127.02857717528569'),
       (193, '1', '37.4940872535941', '127.0156051373'),
       (194, '2', '37.493943152804334', '127.01514147732142'),
       (195, '3', '37.49427654557697', '127.01498323124143'),
       (196, '4', '37.494429655569604', '127.01545820295533'),
       (197, '5', '37.49372700165385', '127.01441772065277'),
       (198, '6', '37.494096478201996', '127.01388631230056'),
       (199, '7', '37.4941054259849', '127.014406485324'),
       (200, '8', '37.4933306641787', '127.013524315912'),
       (201, '9', '37.49332170126311', '127.01310591995885'),
       (202, '10', '37.49366409893574', '127.01297028370846'),
       (203, '12', '37.49336665315471', '127.01396533291178'),
       (204, '13', '37.49202412816799', '127.01416862261905'),
       (205, '14', '37.491988129395125', '127.01381807544544'),
       (206, '1', '37.49180845314275', '127.00817548660568'),
       (207, '2', '37.49160122921506', '127.00806238706237'),
       (208, '3', '37.4913669906878', '127.007711824412'),
       (209, '4', '37.491520196133145', '127.0071690713554'),
       (210, '5', '37.49182654747526', '127.00702210014943'),
       (211, '6', '37.492240995801815', '127.00727091037734'),
       (212, '7', '37.49237612114109', '127.00767800472744'),
       (213, '8', '37.49219588786161', '127.00815291326356'),
       (214, '1', '37.48124890370491', '126.99803273241925'),
       (215, '2', '37.48118582582378', '126.99763701966242'),
       (216, '3', '37.48172642392956', '126.99729781641425'),
       (217, '4', '37.48178950249745', '126.99767091930283'),
       (218, '1', '37.476256013629715', '126.98237490748272'),
       (219, '2', '37.47594059881234', '126.98196798947126'),
       (220, '3', '37.475147717062875', '126.98201340083165'),
       (221, '4', '37.4750935779339', '126.981504679443'),
       (222, '5', '37.47614770943301', '126.98118786939764'),
       (223, '6', '37.476417959690586', '126.98085994483783'),
       (224, '7', '37.476868466344634', '126.9808711354192'),
       (225, '8', '37.477156849223896', '126.98124414403645'),
       (226, '9', '37.47774253754332', '126.98144749858821'),
       (227, '10', '37.47828314675563', '126.9814699763178'),
       (228, '11', '37.47828322717033', '126.98199003797141'),
       (229, '12', '37.47778766853001', '126.98196754567051'),
       (230, '13', '37.477102915055795', '126.98205815428892'),
       (231, '14', '37.47674256727326', '126.98243132050013'),
       (232, '1', '37.4766213208528', '126.964206982809'),
       (233, '2', '37.47675636905189', '126.96386775465743'),
       (234, '3', '37.47703546204047', '126.96315537377974'),
       (235, '4', '37.4771615006719', '126.962827451848'),
       (236, '5', '37.47748592436565', '126.9630194858097'),
       (237, '6', '37.4773598852088', '126.963347408838'),
       (238, '7', '37.477080791079', '126.9640597920827'),
       (239, '8', '37.47693673564761', '126.96441033111347'),
       (240, '1', '37.48089724727872', '126.95314759533477'),
       (241, '2', '37.4807800082307', '126.952876323004'),
       (242, '3', '37.4809239792873', '126.952401376997'),
       (243, '4', '37.481131133704984', '126.9522090416077'),
       (244, '5', '37.48156369089607', '126.9523896650218'),
       (245, '6', '37.481698960277285', '126.95268354045358'),
       (246, '7', '37.4815910239711', '126.953147162145'),
       (247, '8', '37.48133878185341', '126.95324907497798'),
       (248, '1', '37.4821450227543', '126.942654598295'),
       (249, '2', '37.48219887947926', '126.94223622487914'),
       (250, '3', '37.482612587233', '126.940709550565'),
       (251, '4', '37.48293704085409', '126.94089019639617'),
       (252, '5', '37.4825413013238', '126.942315105572'),
       (253, '6', '37.4824874498036', '126.942744787157'),
       (254, '1', '37.48414757316173', '126.93020453366672'),
       (255, '2', '37.48396723108243', '126.92996726402686'),
       (256, '3', '37.483876888323834', '126.92956031329825'),
       (257, '4', '37.48402084687547', '126.92922098161748'),
       (258, '5', '37.4843812771012', '126.92926586802379'),
       (259, '6', '37.48460666421903', '126.92949178832065'),
       (260, '7', '37.48469696022009', '126.929819596397'),
       (261, '8', '37.48450797630244', '126.93020419840052'),
       (262, '1', '37.48716382945105', '126.91338818274907'),
       (263, '2', '37.48700144061617', '126.91310569525142'),
       (264, '3', '37.4873885986235', '126.912732113925'),
       (265, '4', '37.48755098834173', '126.91301460206839'),
       (266, '1', '37.484884321194585', '126.90191453462427'),
       (267, '2', '37.485090722610146', '126.90091927430245'),
       (268, '3', '37.48523459879199', '126.9005798823472'),
       (269, '4', '37.48586568339363', '126.9010313191304'),
       (270, '5', '37.4857487983783', '126.9013254503586'),
       (271, '6', '37.48501116314428', '126.90276237115994'),
       (272, '1', '37.49232057579362', '126.89486005205092'),
       (273, '2', '37.4927078874255', '126.894723814845'),
       (274, '3', '37.49370767055869', '126.89434924726675'),
       (275, '4', '37.49413100146832', '126.89419033793912'),
       (276, '5', '37.49432998927176', '126.89504947297623'),
       (277, '6', '37.4939336773495', '126.895197032087'),
       (278, '7', '37.49295190166943', '126.89556025653776'),
       (279, '8', '37.49253756889295', '126.89570783527911'),
       (280, '9', '37.493151393617325', '126.89700739310555'),
       (281, '10', '37.49358445609388', '126.89767396984843'),
       (282, '11', '37.49349460981279', '126.89796809981273'),
       (283, '12', '37.49301642986538', '126.89722242861275'),
       (284, '1', '37.50939990445142', '126.89074174543914'),
       (285, '2', '37.5079051970385', '126.89178445769596'),
       (286, '3', '37.50782378501712', '126.89143396097104'),
       (287, '4', '37.50850838102916', '126.891252005658'),
       (288, '5', '37.509147487502', '126.89059507896977'),
       (289, '6', '37.5095535654693', '126.89127311017391'),
       (290, '1', '37.53247936847084', '126.84645959358292'),
       (291, '2', '37.53189417525559', '126.84681151994342'),
       (292, '3', '37.5317857176724', '126.84655152553736'),
       (293, '4', '37.53237990536473', '126.8461882653505'),
       (294, '1', '37.5171969699543', '126.894463190691'),
       (295, '2', '37.51873801607173', '126.89483430924085'),
       (296, '3', '37.519008205730024', '126.89470949997008'),
       (297, '4', '37.51869332786903', '126.89524159595504'),
       (298, '5', '37.51733276488319', '126.8951869400785'),
       (299, '6', '37.5171074742285', '126.895142009026'),
       (300, '7', '37.5171252529477', '126.894870507165'),
       (301, '1', '37.5247489851369', '126.896285209314'),
       (302, '2', '37.52591140519203', '126.89643066733461'),
       (303, '3', '37.526686543091415', '126.89674635927284'),
       (304, '4', '37.52665074012815', '126.8970179201242'),
       (305, '5', '37.52468613336714', '126.89653417534133'),
       (306, '6', '37.5239738856179', '126.896014780512'),
       (307, '7', '37.5245145558709', '126.89609321868392'),
       (308, '1', '37.534331402851315', '126.90187243973114'),
       (309, '2', '37.53469213103991', '126.90226796389013'),
       (310, '3', '37.5353322515998', '126.902764957345'),
       (311, '4', '37.53513433855334', '126.90313858493073'),
       (312, '5', '37.53452126818082', '126.90266418276335'),
       (313, '6', '37.5340615623289', '126.9024271841435'),
       (314, '7', '37.53375530654102', '126.90252940961335'),
       (315, '8', '37.533017728311286', '126.90404643768079'),
       (316, '9', '37.53278331192724', '126.90385440159658'),
       (317, '10', '37.5333763620497', '126.90189631902685'),
       (318, '11', '37.533583224603', '126.901454801014'),
       (319, '12', '37.5340516121222', '126.901295787344'),
       (320, '13', '37.53426803149242', '126.9015104705931'),
       (321, '1', '37.5506046123877', '126.914989681724'),
       (322, '2', '37.5510555656279', '126.915622902983'),
       (323, '3', '37.55074044255402', '126.91594012361278'),
       (324, '4', '37.5502444411192', '126.915306954076'),
       (325, '5', '37.54950489647705', '126.91430062822786'),
       (326, '6', '37.54899110570588', '126.91399567484964'),
       (327, '7', '37.548765649901185', '126.91371302583495'),
       (328, '8', '37.549341648390936', '126.91284099833057'),
       (329, '9', '37.54989159012405', '126.91329301765732'),
       (330, '10', '37.54982897570355', '126.91391549675524'),
       (331, '1', '37.5563042185341', '126.92270171685'),
       (332, '2', '37.55716092274965', '126.9238665439245'),
       (333, '3', '37.55856738820341', '126.92529115638466'),
       (334, '4', '37.55814424815161', '126.9258121949515'),
       (335, '5', '37.557811479987585', '126.92677452860516'),
       (336, '6', '37.5566323519125', '126.928699659602'),
       (337, '7', '37.55698295446309', '126.92740912304083'),
       (338, '8', '37.55690884034165', '126.92417237436065'),
       (339, '9', '37.55604312175928', '126.92299623955266'),
       (340, '1', '37.55545645459792', '126.936419202596'),
       (341, '2', '37.55561882247355', '126.93676990280726'),
       (342, '3', '37.5555739237975', '126.937052874575'),
       (343, '4', '37.55539387487717', '126.93733595917213'),
       (344, '5', '37.55515081520877', '126.93773226782393'),
       (345, '6', '37.5549614142609', '126.937370273074'),
       (346, '7', '37.55502388444536', '126.93624981105643'),
       (347, '8', '37.55524000746252', '126.93603459819776'),
       (348, '1', '37.55692963431073', '126.94552858552258'),
       (349, '2', '37.55712797864924', '126.9458000632727'),
       (350, '3', '37.5571100365169', '126.945969840059'),
       (351, '4', '37.55701104052282', '126.94621889810037'),
       (352, '5', '37.556353230051', '126.946038291314'),
       (353, '6', '37.55660524403114', '126.94546091659313'),
       (354, '1', '37.5575826755862', '126.955883766989'),
       (355, '2', '37.55758288984291', '126.95646096742098'),
       (356, '3', '37.55694307302331', '126.95616708309464'),
       (357, '4', '37.5572222428904', '126.955793438654'),
       (358, '1', '37.55938711486311', '126.96300168173902'),
       (359, '2', '37.559531533839426', '126.96383913885109'),
       (360, '3', '37.5604329886984', '126.965366645259'),
       (361, '4', '37.560252842333', '126.965547817639'),
       (362, '5', '37.5590269859811', '126.963873336314'),
       (363, '6', '37.559053858952915', '126.96336401870524'),
       (364, '7', '37.5597112264187', '126.962220580845'),
       (365, '8', '37.56076561147962', '126.96291045497895'),
       (366, '9', '37.56072973752302', '126.96344242507155'),
       (367, '10', '37.5596032793851', '126.962763897612'),
       (368, '1', '37.5624811683932', '127.051362896512'),
       (369, '2', '37.562616703430585', '127.0504688344472'),
       (370, '1', '37.56997015394215', '127.04727036825882'),
       (371, '1', '37.575977891174546', '127.023569160694'),
       (372, '2', '37.576202931964', '127.024588074473'),
       (373, '3', '37.57641901505571', '127.02532397859497'),
       (374, '4', '37.57617572223787', '127.02543710092336'),
       (375, '5', '37.5759686497859', '127.024701201845'),
       (376, '6', '37.575491299607805', '127.02384069617291'),
       (377, '7', '37.57432851005986', '127.02622888606297'),
       (378, '8', '37.57415724258159', '127.026579751153'),
       (379, '9', '37.5740401842108', '127.026262745386'),
       (380, '10', '37.575022718011475', '127.02415751511654'),
       (381, '11', '37.5758248863989', '127.022731401472'),
       (382, '12', '37.5760410680218', '127.023025798928'),
       (383, '1', '37.51431185654401', '126.88288467096281'),
       (384, '2', '37.514537006070974', '126.8827825187907'),
       (385, '1', '37.51265410783516', '126.86602276301093'),
       (386, '2', '37.51247331619296', '126.86550278773242'),
       (387, '1', '37.5191891240893', '126.853172131445'),
       (388, '2', '37.52068398093356', '126.85252441407432'),
       (389, '3', '37.5207654378035', '126.8528183679805'),
       (390, '4', '37.519279603392505', '126.85347737441717'),
       (391, '1', '37.5742352696201', '127.037809395499'),
       (392, '2', '37.574658689829576', '127.0379567727187'),
       (393, '3', '37.5742169784629', '127.038647079208'),
       (394, '4', '37.57361343744236', '127.03826188446926'),
       (395, '5', '37.5740010001446', '127.03784323748586'),
       (1735, '1', '37.578609975647176', '126.79827404602662'),
       (1736, '2', '37.5784470036361', '126.797810332987'),
       (1737, '1', '37.56177521882351', '126.80111505891693'),
       (1738, '2', '37.56343281357865', '126.80097483012544'),
       (1739, '3', '37.56262340655036', '126.80185981882056'),
       (1740, '4', '37.5615517584011', '126.802179567638'),
       (1741, '1', '37.563511109286', '126.81022186796872'),
       (1742, '2', '37.563971541390444', '126.81079794905372'),
       (1743, '3', '37.5639086895756', '126.810933931205'),
       (1744, '4', '37.563286006930895', '126.81031298702348'),
       (1745, '1', '37.567601596970675', '126.81589370840251'),
       (1746, '2', '37.56801681089556', '126.81637941300866'),
       (1747, '3', '37.568017531793224', '126.81684349935912'),
       (1748, '4', '37.567515006445895', '126.81815775081498'),
       (1749, '5', '37.5673257459727', '126.818124253544'),
       (1750, '6', '37.56701739645799', '126.8168233100649'),
       (1751, '7', '37.56700766558486', '126.81635925203888'),
       (1752, '8', '37.56745742073741', '126.8158827441157'),
       (1753, '1', '37.5669690790676', '126.82659178113921'),
       (1754, '2', '37.56689830975936', '126.82748615051841'),
       (1755, '3', '37.565610601522486', '126.82797583112128'),
       (1756, '4', '37.564961738761276', '126.82787545433317'),
       (1757, '5', '37.56492487263272', '126.8273096013448'),
       (1758, '6', '37.56583505663165', '126.82743200806257'),
       (1759, '1', '37.5689171060914', '126.84071382788397'),
       (1760, '2', '37.5692512658586', '126.841301725745'),
       (1761, '3', '37.5689542729556', '126.84155138196414'),
       (1762, '4', '37.56823404055907', '126.84197172021386'),
       (1763, '5', '37.56798164147748', '126.84188169967666'),
       (1764, '6', '37.56798091254672', '126.84133837862305'),
       (1765, '7', '37.56783628168848', '126.84098779023755'),
       (1766, '8', '37.56864673208278', '126.84065780704245'),
       (1767, '1', '37.5625984493428', '126.852521061648'),
       (1768, '2', '37.56151076029658', '126.85454917123683'),
       (1769, '3', '37.561619700330965', '126.85521673679634'),
       (1770, '4', '37.56148514706914', '126.85570368148323'),
       (1771, '5', '37.5609085524652', '126.855738747949'),
       (1772, '6', '37.560674169528525', '126.85563733680476'),
       (1773, '7', '37.560538368807784', '126.8551056482848'),
       (1774, '8', '37.56066407685609', '126.85475454326563'),
       (1775, '9', '37.56131233238337', '126.85437978378371'),
       (1776, '10', '37.56239100862689', '126.85235169491092'),
       (1777, '1', '37.55795989705239', '126.86125615610075'),
       (1778, '2', '37.557321568085676', '126.86243437116745'),
       (1779, '3', '37.5573478445457', '126.861789218817'),
       (1780, '4', '37.5577434454133', '126.8610754746413'),
       (1781, '1', '37.55162915264868', '126.8640631297177'),
       (1782, '2', '37.5511797712111', '126.8650371805709'),
       (1783, '3', '37.5497321647533', '126.867687843287'),
       (1784, '4', '37.5495514828868', '126.867258138085'),
       (1785, '5', '37.55087305706618', '126.86470955118384'),
       (1786, '6', '37.5506833674459', '126.864291179584'),
       (1787, '7', '37.550854192047076', '126.86397400413075'),
       (1788, '8', '37.55133147190309', '126.86375811932858'),
       (1789, '1', '37.54713525204339', '126.87406338183241'),
       (1790, '2', '37.5471632320009', '126.874957304788'),
       (1791, '3', '37.54681173536235', '126.87485604771443'),
       (1792, '4', '37.5467839236363', '126.874120552976'),
       (1793, '1', '37.544675243819746', '126.8825316642258'),
       (1794, '2', '37.54402685164014', '126.88286083407637'),
       (1795, '3', '37.54408143786737', '126.88339258240399'),
       (1796, '1', '37.53816253764435', '126.89364161930092'),
       (1797, '2', '37.5382439936881', '126.894048833896'),
       (1798, '3', '37.5380098760273', '126.894207570878'),
       (1799, '4', '37.5377757581423', '126.894366306866'),
       (1800, '5', '37.5376134365539', '126.894208130952'),
       (1801, '6', '37.53761318281153', '126.89392526543554'),
       (1802, '7', '37.53766695774438', '126.89360837925516'),
       (1803, '8', '37.537955154953046', '126.89347219355403'),
       (1804, '1', '37.529171705006064', '126.91763871142086'),
       (1805, '2', '37.52859517485727', '126.91779773116284'),
       (1806, '3', '37.52785685586325', '126.91852258380602'),
       (1807, '4', '37.52746910453741', '126.91805916825338'),
       (1808, '5', '37.52828844742831', '126.91724371956369'),
       (1809, '6', '37.52887339613524', '126.91624750146259'),
       (1810, '1', '37.52147219387076', '126.92367657780383'),
       (1811, '2', '37.5219046089991', '126.923574326945'),
       (1812, '3', '37.52259851936328', '126.92378855416125'),
       (1813, '4', '37.52205838315669', '126.92451309000491'),
       (1814, '5', '37.5217251351713', '126.924705733787'),
       (1815, '6', '37.52126530577092', '126.92420846045685'),
       (1816, '1', '37.51777199371759', '126.92834074273057'),
       (1817, '2', '37.51775447854112', '126.92917782074068'),
       (1818, '3', '37.5174031620116', '126.929302580202'),
       (1819, '4', '37.51751943067474', '126.9278772085138'),
       (1820, '1', '37.51390540084655', '126.94246064033099'),
       (1821, '2', '37.51399561118446', '126.94268679251698'),
       (1822, '3', '37.5135177868919', '126.942087674908'),
       (1823, '3-1', '37.51342743587952', '126.94157875033521'),
       (1824, '4', '37.51341787238984', '126.94047028127397'),
       (1825, '5', '37.5132194686263', '126.94010848830214'),
       (1826, '6', '37.51337243206868', '126.93970117086512'),
       (1827, '7', '37.51368800768625', '126.94014204697193'),
       (1828, '8', '37.513806141291', '126.94215531836'),
       (1829, '1', '37.5128373927594', '126.951815572522'),
       (1830, '2', '37.512811298940896', '126.95416825522489'),
       (1831, '3', '37.51219865572648', '126.95427042705631'),
       (1832, '4', '37.51241468523752', '126.95372737521802'),
       (1833, '5', '37.512396084553195', '126.95226828947317'),
       (1834, '1', '37.50938171792296', '126.96347879213397'),
       (1835, '2', '37.50860706871874', '126.96418040565379'),
       (1836, '3', '37.50845381530466', '126.96390903320025'),
       (1837, '4', '37.508976248382496', '126.96342243810113'),
       (1838, '1', '37.50298864951252', '126.98069483226868'),
       (1839, '2', '37.50334873002092', '126.97881736802758'),
       (1840, '3', '37.501718216635005', '126.98060468559801'),
       (1841, '4', '37.5017451962809', '126.980299329539'),
       (1842, '5', '37.50333937281499', '126.97696261831508'),
       (1843, '6', '37.5032942536453', '126.976612038957'),
       (1844, '7', '37.50301487880009', '126.97629546243789'),
       (1845, '8', '37.5034112365347', '126.97587688650027'),
       (1846, '9', '37.50446537581158', '126.97569559316514'),
       (1847, '1', '37.501592896268455', '126.9864968123904'),
       (1848, '2', '37.501719062725066', '126.98672297409604'),
       (1849, '3', '37.501529887901455', '126.98705097418446'),
       (1850, '1', '37.503557784791724', '126.99577024746797'),
       (1851, '2', '37.503837127648026', '126.99675416176561'),
       (1852, '3', '37.50360286925696', '126.99686726696252'),
       (1853, '4', '37.50331451688094', '126.99587204635017'),
       (1854, '1', '37.5060354958802', '127.00553052765727'),
       (1855, '2', '37.50418843809065', '127.00546253384245'),
       (1856, '3', '37.503449611975896', '127.00549640846101'),
       (1857, '4', '37.5029000681638', '127.003709483049'),
       (1858, '5', '37.5022333499334', '127.002759468951'),
       (1859, '6', '37.50272890440078', '127.00270294032003'),
       (1860, '7', '37.50408933772994', '127.00523633504378'),
       (1861, '8', '37.505783264878', '127.004320356764'),
       (1862, '8-1', '37.5059634873894', '127.003687014898'),
       (1863, '8-2', '37.506269794343346', '127.00467099194512'),
       (1864, '1', '37.5048453607268', '127.014883555914'),
       (1865, '2', '37.50383613973618', '127.01561847571003'),
       (1866, '1', '37.5044834766978', '127.023908575368'),
       (1867, '2', '37.50481681651931', '127.02406701730638'),
       (1868, '3', '37.50479866094784', '127.02472297324678'),
       (1869, '4', '37.5045913100203', '127.02528838759'),
       (1870, '5', '37.50413186464723', '127.02497156424032'),
       (1871, '8', '37.504041875275796', '127.02443998440755'),
       (1872, '9', '37.50422215989258', '127.02403289762276'),
       (1873, '1', '37.55494758314922', '126.9716163114285'),
       (1874, '2', '37.556326211936', '126.972045852334'),
       (1875, '3', '37.55770489662571', '126.97272439792286'),
       (1876, '4', '37.5574437034263', '126.97314324571528'),
       (1877, '5', '37.557002214761816', '126.9731434041652'),
       (1878, '6', '37.55682205890371', '126.97333586706108'),
       (1879, '7', '37.55669598283224', '126.97361885009488'),
       (1880, '8', '37.5561643715647', '126.973517180509'),
       (1881, '9', '37.55589401878087', '126.97327961071798'),
       (1882, '9-1', '37.55499290227439', '126.97275933818928'),
       (1883, '10', '37.55422726470382', '126.97368762326441'),
       (1884, '11', '37.55336215095832', '126.97299758918562'),
       (1885, '12', '37.5523619755901', '126.972703711442'),
       (1886, '13', '37.55243395788925', '126.97228496063404'),
       (1887, '14', '37.553344016075656', '126.97249964695894'),
       (1888, '1', '37.5703837482026', '126.982364070197'),
       (1889, '2', '37.57081630093565', '126.98287335294432'),
       (1890, '3', '37.57037496435083', '126.98394881544229'),
       (1891, '3-1', '37.57082536288191', '126.98323558006166'),
       (1892, '4', '37.57005961443872', '126.98393756357018'),
       (1893, '5', '37.56961795237288', '126.98270383514671'),
       (1894, '6', '37.56997831547058', '126.98246604159989'),
       (1895, '7', '37.57037502653902', '126.98441291878801'),
       (1896, '8', '37.57037507672588', '126.9847977849782'),
       (1897, '9', '37.57005065622111', '126.98432243002505'),
       (1898, '10', '37.570041708444464', '126.98479785273528'),
       (1899, '11', '37.570366217867104', '126.9860203028019'),
       (1900, '12', '37.57003285760623', '126.98608828236284'),
       (1901, '1', '37.570546929538', '126.991374449377'),
       (1902, '2', '37.5705739939573', '126.99186119010136'),
       (1903, '2-1', '37.570952408850104', '126.99181587019717'),
       (1904, '3', '37.5725290970476', '126.99107990285'),
       (1905, '4', '37.572519959731345', '126.98952907506056'),
       (1906, '5', '37.57244781579345', '126.98882725087142'),
       (1907, '6', '37.5726552329192', '126.991034608049'),
       (1908, '7', '37.57270934224564', '126.99171379841232'),
       (1909, '8', '37.57249311211718', '126.99183834143189'),
       (1910, '9', '37.57106956128678', '126.9921554483576'),
       (1911, '10', '37.570601058565934', '126.99238189006343'),
       (1912, '11', '37.5706191033733', '126.992778075316'),
       (1913, '12', '37.5702767265256', '126.992800747533'),
       (1914, '13', '37.57025868179352', '126.99240456408877'),
       (1915, '14', '37.57023161806124', '126.9918951860744'),
       (1916, '15', '37.5702045529565', '126.991397127997'),
       (1917, '1', '37.571150899759196', '127.00166399761385'),
       (1918, '2', '37.5712500077551', '127.001765877359'),
       (1919, '3', '37.5712680224931', '127.002082830207'),
       (1920, '4', '37.5711779209187', '127.002196024855'),
       (1921, '5', '37.5708355414354', '127.002263932786'),
       (1922, '6', '37.5706913845093', '127.00213941235937'),
       (1923, '7', '37.570673371118', '127.001743224466'),
       (1924, '8', '37.57080852203091', '127.00163003101717'),
       (1925, '1', '37.57179013955896', '127.0106293000793'),
       (1926, '2', '37.5720062789057', '127.011682076016'),
       (1927, '3', '37.572123356760564', '127.01219148794848'),
       (1928, '4', '37.57190710855229', '127.01228201130664'),
       (1929, '5', '37.571781021132246', '127.01177259928754'),
       (1930, '6', '37.57127658547046', '127.0104820705959'),
       (1931, '7', '37.57081712202481', '127.00997262145421'),
       (1932, '8', '37.57033063639865', '127.00933865969093'),
       (1933, '9', '37.5709613798854', '127.00872747556579'),
       (1934, '10', '37.571285773151', '127.008240764941'),
       (1935, '1', '37.57828204946205', '127.03345293729824'),
       (1936, '2', '37.57829929237576', '127.03609068982838'),
       (1937, '3', '37.578047107111935', '127.03578490772324'),
       (1938, '4', '37.57804722655839', '127.03538868135496'),
       (1939, '5', '37.57803863886995', '127.03395094156546'),
       (1940, '6', '37.57802976150809', '127.03348678668524'),
       (1941, '1', '37.5796394516189', '127.043019786221'),
       (1942, '2', '37.58068366587175', '127.04552236204563'),
       (1943, '3', '37.580881700114354', '127.0459979723405'),
       (1944, '4', '37.580449152515094', '127.0461788441238'),
       (1945, '5', '37.5799268792411', '127.045397369849'),
       (1946, '6', '37.57943214862835', '127.04322344430662'),
       (1947, '1', '37.57330317833103', '127.01619897348951'),
       (1948, '2', '37.5736273540219', '127.017478213466'),
       (1949, '3', '37.573330047419006', '127.01733098344533'),
       (1950, '4', '37.573005873191256', '127.01602910920883'),
       (1951, '5', '37.5716994487723', '127.01589299168'),
       (1952, '6', '37.57168146662834', '127.01560999306301'),
       (1953, '7', '37.57276271386538', '127.01520270034165'),
       (1954, '8', '37.572996981278536', '127.01513482801695'),
       (1955, '9', '37.57324020142132', '127.01550843815447'),
       (1956, '10', '37.573492439437636', '127.0158141322415'),
       (1957, '1', '37.5771025793897', '126.813028848818'),
       (1958, '2', '37.577066234841766', '126.81283648963898'),
       (1959, '3', '37.5771376491649', '126.81241744861'),
       (1960, '4', '37.57727254563707', '126.81225862149412'),
       (1961, '1', '37.572127303575364', '126.80632862039784'),
       (1962, '2', '37.5724873650885', '126.80612392984861'),
       (1963, '1', '37.56152124298099', '126.81105314680167'),
       (1964, '2', '37.5614592222889', '126.811709760727'),
       (1965, '3', '37.5610988435883', '126.811721985827'),
       (1966, '4', '37.5611519087727', '126.811099352238'),
       (1967, '1', '37.56011856200574', '126.82459304995122'),
       (1968, '2', '37.56021929712179', '126.82569066406145'),
       (1969, '3', '37.5597986554064', '126.827615700693'),
       (1970, '4', '37.5594111458144', '126.827560003849'),
       (1971, '5', '37.5591129405326', '126.826960843608'),
       (1972, '6', '37.5595702646492', '126.82547713508'),
       (1973, '7', '37.5596146777785', '126.82504694929243'),
       (1974, '1', '37.558839579617704', '126.83748706357378'),
       (1975, '2', '37.558930627218025', '126.83817725473736'),
       (1976, '3', '37.558985213611024', '126.83856194390124'),
       (1977, '4', '37.558706214897', '126.838788902185'),
       (1978, '5', '37.55837255346113', '126.83857458347475'),
       (1979, '6', '37.55819201405329', '126.83832598268627'),
       (1980, '7', '37.558173466638735', '126.83794121972002'),
       (1981, '8', '37.5585237640595', '126.83714821580007'),
       (1982, '9', '37.5588838021252', '126.836887121808'),
       (1983, '1', '37.54916152695392', '126.83651223717317'),
       (1984, '2', '37.54836863569447', '126.83650265266814'),
       (1985, '3', '37.54844021333938', '126.83614037586725'),
       (1986, '4', '37.54890873073263', '126.83613935024869'),
       (1987, '1', '37.5420577675047', '126.840250483707'),
       (1988, '2', '37.541905346911754', '126.84080525750142'),
       (1989, '3', '37.54170738690165', '126.84099803761194'),
       (1990, '4', '37.54137378961788', '126.84082901809018'),
       (1991, '5', '37.5413372764393', '126.840478324779'),
       (1992, '6', '37.54141786109646', '126.84010475137266'),
       (1993, '7', '37.541615727596266', '126.83984407845048'),
       (1994, '8', '37.54196728486156', '126.8399677946008'),
       (1995, '1', '37.524894063052464', '126.85446191296494'),
       (1996, '2', '37.5253032781508', '126.857549504575'),
       (1997, '3', '37.525141139174', '126.85758375111232'),
       (1998, '4', '37.52478656933729', '126.854971192975'),
       (1999, '5', '37.5247411021333', '126.854631900403'),
       (2000, '1', '37.52620237341533', '126.86356626183895'),
       (2001, '2', '37.5264643023497', '126.86412011924803'),
       (2002, '3', '37.5265728122771', '126.86445931135306'),
       (2003, '4', '37.52638382292827', '126.86465197319265'),
       (2004, '5', '37.525897645720484', '126.86496961170239'),
       (2005, '6', '37.52586135979041', '126.86475473282803'),
       (2006, '7', '37.525689611803166', '126.86426859116231'),
       (2007, '8', '37.52598661631174', '126.86398523116384'),
       (2008, '1', '37.52486234131685', '126.87388589035555'),
       (2009, '2', '37.52602461929588', '126.87387262089236'),
       (2010, '3', '37.52476567302163', '126.87619384233908'),
       (2011, '4', '37.5246938891308', '126.87647677800825'),
       (2012, '5', '37.52421645359519', '126.87656806605305'),
       (2013, '6', '37.52404462352889', '126.87595746962455'),
       (2014, '7', '37.5241344500076', '126.875697131167'),
       (2015, '8', '37.5246189262411', '126.873750548065'),
       (2016, '1', '37.525775657778645', '126.88600041039807'),
       (2017, '2', '37.52537923942789', '126.88602363919456'),
       (2018, '1', '37.5229543108147', '126.904998258248'),
       (2019, '2', '37.5230537115893', '126.905360130191'),
       (2020, '3', '37.52254007730903', '126.90528159246718'),
       (2021, '4', '37.52254882377717', '126.90495352295035'),
       (2022, '1', '37.51684559849949', '126.91707537351427'),
       (2023, '2', '37.51712484573297', '126.91698457217039'),
       (2024, '3', '37.517690546238505', '126.91428046638256'),
       (2025, '1', '37.52698255754167', '126.93226886825792'),
       (2026, '2', '37.52709079431217', '126.93247240527026'),
       (2027, '3', '37.5267126572888', '126.93297051775023'),
       (2028, '4', '37.5265594034853', '126.932823586287'),
       (2029, '1', '37.539603410211704', '126.94548461753298'),
       (2030, '2', '37.54004518568431', '126.94610662123549'),
       (2031, '3', '37.53969397590017', '126.94650289737923'),
       (2032, '4', '37.53926122285488', '126.94590351750708'),
       (2033, '1', '37.5439664596571', '126.95050556658833'),
       (2034, '2', '37.54431788245561', '126.95058454382534'),
       (2035, '3', '37.545390423294904', '126.95143252194289'),
       (2036, '4', '37.545219542902856', '126.9521907906312'),
       (2037, '5', '37.544291320594844', '126.9517161261748'),
       (2038, '6', '37.54363391703304', '126.95251995412175'),
       (2039, '7', '37.5430573320719', '126.95265610532'),
       (2040, '8', '37.543435030812', '126.950890645549'),
       (2041, '9', '37.542867737326326', '126.95170572883421'),
       (2042, '10', '37.54195828900481', '126.95309809681703'),
       (2043, '1', '37.55312289419279', '126.95630512437499'),
       (2044, '2', '37.55339323951051', '126.95642945380688'),
       (2045, '3', '37.5532582353517', '126.95682562754295'),
       (2046, '4', '37.55299690042184', '126.95670129169083'),
       (2047, '1', '37.5654247284427', '126.96612269700263'),
       (2048, '2', '37.56593831882713', '126.96620169687465'),
       (2049, '3', '37.566343879710026', '126.96659767806779'),
       (2050, '4', '37.566443106997134', '126.96701643671408'),
       (2051, '5', '37.566064758049976', '126.9672656202483'),
       (2052, '6', '37.565704369099635', '126.96729973460897'),
       (2053, '7', '37.5653168431303', '126.966949020326'),
       (2054, '8', '37.565325744728284', '126.96656417618438'),
       (2055, '1', '37.57187805494358', '126.97492659511043'),
       (2056, '2', '37.57207677217618', '126.97739425612586'),
       (2057, '3', '37.5714280578853', '126.977405771953'),
       (2058, '4', '37.570716288985935', '126.97749654413498'),
       (2059, '5', '37.56974317938567', '126.97731572493515'),
       (2060, '6', '37.56972500681909', '126.97653468524847'),
       (2061, '7', '37.5705268904068', '126.976523114059'),
       (2062, '8', '37.57177900525322', '126.97520962347753'),
       (2063, '9', '37.57136491173538', '126.97700959999524'),
       (2064, '1', '37.56050035560506', '127.01359303825166'),
       (2065, '2', '37.56050029857083', '127.01407971654383'),
       (2066, '3', '37.56006784949982', '127.01383063840576'),
       (2067, '1', '37.55471507999944', '127.0197711922455'),
       (2068, '2', '37.555030406368274', '127.01990708282365'),
       (2069, '3', '37.5548591784329', '127.020133382211'),
       (2070, '4', '37.554399626881576', '127.0203822364798'),
       (2071, '5', '37.554435761215984', '127.01982770436695'),
       (2072, '1', '37.55697481925776', '127.02841841018801'),
       (2073, '2', '37.5572449781046', '127.028995710763'),
       (2074, '3', '37.557055735247744', '127.02913144837967'),
       (2075, '4', '37.556767554371355', '127.02856545943375'),
       (2076, '1', '37.565809468245206', '127.04221950852386'),
       (2077, '2', '37.566196680376805', '127.04281963199938'),
       (2078, '3', '37.565998387238395', '127.04302325925579'),
       (2079, '4', '37.565611176128485', '127.04242313631903'),
       (2080, '1', '37.5678509451815', '127.051728798211'),
       (2081, '2', '37.56745427290337', '127.0522605239954'),
       (2082, '3', '37.566859262497175', '127.05305244256927'),
       (2083, '4', '37.566462579063625', '127.0535954732821'),
       (2084, '5', '37.5663186499012', '127.053086016102'),
       (2085, '6', '37.56659812589572', '127.05271268672561'),
       (2086, '7', '37.56717510916118', '127.05193207480646'),
       (2087, '8', '37.56755375021167', '127.05142297520415'),
       (2088, '1', '37.56185314426602', '127.06429928603073'),
       (2089, '2', '37.56197010073876', '127.06461629952193'),
       (2090, '3', '37.56193377480452', '127.06513691064414'),
       (2091, '4', '37.56163634604708', '127.0653177440243'),
       (2092, '5', '37.5611589742875', '127.06503437233'),
       (2093, '6', '37.56099695049097', '127.0647512771631'),
       (2094, '7', '37.5610513131162', '127.06419673331'),
       (2095, '8', '37.5612856949946', '127.063970570071'),
       (2096, '1', '37.557501314256655', '127.07915561329875'),
       (2097, '2', '37.5574020374579', '127.079404496115'),
       (2098, '3', '37.55724860864441', '127.07978913189372'),
       (2099, '4', '37.55714028984629', '127.08008327371346'),
       (2100, '5', '37.55683415789017', '127.07977737244173'),
       (2101, '6', '37.556744264305415', '127.07947170331896'),
       (2102, '7', '37.55686162948593', '127.07912098400536'),
       (2103, '8', '37.557141014202195', '127.07900810351403'),
       (2104, '1', '37.552321982157096', '127.0897879837475'),
       (2105, '2', '37.55170907141326', '127.09009280117704'),
       (2106, '3', '37.551574266366394', '127.08963996904622'),
       (2107, '4', '37.551926194343835', '127.08892743214793'),
       (2108, '5', '37.5522232329633', '127.089312557801'),
       (2109, '1', '37.545499107703336', '127.10361905709489'),
       (2110, '2', '37.54537233030486', '127.10434309331814'),
       (2111, '3', '37.544723761794145', '127.10417245371728'),
       (2112, '4', '37.54471514031227', '127.10373112909078'),
       (2113, '1', '37.53904743149697', '127.12294720892024'),
       (2114, '2', '37.539164077343464', '127.12341131001519'),
       (2115, '3', '37.5390916778382', '127.12371669182'),
       (2116, '4', '37.5387129738454', '127.123987621313'),
       (2117, '5', '37.53836041516722', '127.12509588265812'),
       (2118, '6', '37.53794612371779', '127.12493678499192'),
       (2119, '7', '37.53823538542678', '127.12404340416724'),
       (2120, '8', '37.53808283228974', '127.12345478684658'),
       (2121, '9', '37.53825437631814', '127.12311562776019'),
       (2122, '10', '37.538633137182536', '127.12278812166343'),
       (2123, '1', '37.53625331086422', '127.1322317662862'),
       (2124, '2', '37.5358555610135', '127.133396443727'),
       (2125, '2-1', '37.53599123383244', '127.132932795529'),
       (2126, '3', '37.53555903461294', '127.13268311326833'),
       (2127, '4', '37.5357670123407', '127.132015934908'),
       (2128, '1', '37.53792055568', '127.139713712609'),
       (2129, '2', '37.53808205113504', '127.14029106372942'),
       (2130, '3', '37.53758671736264', '127.14010910170569'),
       (2131, '1', '37.54551238814088', '127.14271525759658'),
       (2132, '2', '37.5461158914759', '127.142852199105'),
       (2133, '3', '37.54599828216242', '127.1432480311119'),
       (2134, '4', '37.54549395743742', '127.14305469711705'),
       (2135, '1', '37.55124132130881', '127.14388048306502'),
       (2136, '2', '37.55172781745172', '127.14391536857688'),
       (2137, '3', '37.55152919801158', '127.14424317195599'),
       (2138, '4', '37.5510697732754', '127.144174386575'),
       (2139, '1', '37.55522071791286', '127.1534286104763'),
       (2140, '2', '37.5550942696229', '127.153666013944'),
       (2141, '3', '37.5552374542606', '127.154413249328'),
       (2142, '4', '37.55495823477382', '127.15434476969475'),
       (2143, '5', '37.554743132007495', '127.15347290021711'),
       (2144, '1', '37.556664905628075', '127.16487357274282'),
       (2145, '2', '37.55678974519417', '127.1658018849841'),
       (2146, '3', '37.55701267774183', '127.16744342516046'),
       (2147, '4', '37.55711064473481', '127.16824719218745'),
       (2148, '5', '37.556813220091975', '127.16831442865094'),
       (2149, '6', '37.5567152696002', '127.167499347255'),
       (2150, '7', '37.5562227381398', '127.16535924851'),
       (2151, '8', '37.5564215740962', '127.16491830651'),
       (2152, '1', '37.528058157512746', '127.13667469500066'),
       (2153, '2', '37.52742773268616', '127.13643596983744'),
       (2154, '3', '37.527572531677485', '127.13588189092596'),
       (2155, '4', '37.52818495067021', '127.13610926596628'),
       (2156, '1', '37.51654024580638', '127.13147304235781'),
       (2157, '2', '37.51604499697557', '127.13120070052256'),
       (2158, '3', '37.51617205148327', '127.13037519116479'),
       (2159, '4', '37.51664905680563', '127.13085110260175'),
       (2160, '1', '37.50884206545773', '127.12652825383186'),
       (2161, '2', '37.50823880498193', '127.12614268888007'),
       (2162, '3', '37.50846465819758', '127.1255775573365'),
       (2163, '4', '37.5090679325615', '127.12595180861'),
       (2164, '1', '37.5025779826222', '127.128474198773'),
       (2165, '2', '37.5023793923832', '127.128813137903'),
       (2166, '3', '37.5016320641388', '127.12834817679786'),
       (2167, '4', '37.501596343098576', '127.12805407657012'),
       (2168, '5', '37.501803928992', '127.12772646351'),
       (2169, '6', '37.5024532616059', '127.127162103392'),
       (2170, '7', '37.50269624006222', '127.12743394015321'),
       (2171, '1', '37.498606651368746', '127.13467589525405'),
       (2172, '2', '37.4981917894129', '127.13502571932'),
       (2173, '3', '37.4979217465316', '127.134799060283'),
       (2174, '4', '37.49816584122597', '127.13407574369842'),
       (2175, '1', '37.493559420721205', '127.1436792937772'),
       (2176, '2', '37.49354050443499', '127.14441427615982'),
       (2177, '3', '37.49328791887875', '127.14466256451931'),
       (2178, '4', '37.49312561344524', '127.14476402272268'),
       (2179, '5', '37.492945509550246', '127.14468451988853'),
       (2180, '6', '37.4927115804723', '127.14441268015344'),
       (2181, '7', '37.49297328592493', '127.14407394723631'),
       (2182, '8', '37.4933164518545', '127.143430053549'),
       (2183, '1', '37.49470202855083', '127.1522078303006'),
       (2184, '2', '37.49551161621509', '127.15322721806658'),
       (2185, '1', '37.55752524467591', '127.17435964836115'),
       (2186, '2', '37.557783354471646', '127.17649929043772'),
       (2187, '3', '37.5574405029852', '127.176815375214'),
       (2188, '4', '37.55696641154027', '127.17450547442523'),
       (2189, '1', '37.59873607871892', '126.91546717310602'),
       (2190, '2', '37.599321827560615', '126.91561372208217'),
       (2191, '3', '37.59934004943211', '126.91589680094792'),
       (2192, '4', '37.5988624359095', '126.915772775598'),
       (2193, '1', '37.6059668575995', '126.922514455214'),
       (2194, '2', '37.606831888788285', '126.92263813414446'),
       (2195, '3', '37.606480858168304', '126.9231821006168'),
       (2196, '4', '37.60573287479887', '126.9229337209781'),
       (2197, '1', '37.6102784564119', '126.930324671704'),
       (2198, '2', '37.6091798080574', '126.931277036127'),
       (2199, '3', '37.609008454971494', '126.93099405767587'),
       (2200, '4', '37.610107101072394', '126.93004169128234'),
       (2201, '5', '37.6104943310008', '126.929712884144'),
       (2202, '6', '37.61068327469178', '126.92927100408946'),
       (2203, '7', '37.610836306760305', '126.92904434473213'),
       (2204, '8', '37.61128704542778', '126.9294516449381'),
       (2205, '9', '37.61100804930737', '126.92997289287625'),
       (2206, '1', '37.61841590022989', '126.93294491293423'),
       (2207, '1', '37.6197869010845', '126.920823706996'),
       (2208, '2', '37.619336657806016', '126.92119797580442'),
       (2209, '3', '37.618616275016166', '126.92181038877568'),
       (2210, '4', '37.618453901827934', '126.92151606002489'),
       (2211, '5', '37.61866983653273', '126.92106275667395'),
       (2212, '1', '37.61150453665128', '126.91749137084527'),
       (2213, '2', '37.6108466963824', '126.917322211763'),
       (2214, '3', '37.61100865962922', '126.91701623729922'),
       (2215, '4', '37.6117836128695', '126.917162612457'),
       (2216, '1', '37.5918874624166', '126.913968981163'),
       (2217, '2', '37.59130171082694', '126.91382245954864'),
       (2218, '3', '37.5913285501361', '126.913562005036'),
       (2219, '4', '37.5919233036758', '126.913697191414'),
       (2220, '1', '37.584307366777786', '126.91027550920938'),
       (2221, '2', '37.58390159251148', '126.90984577395838'),
       (2222, '3', '37.5840455867698', '126.909630488765'),
       (2223, '4', '37.58445137043541', '126.91007154538312'),
       (2224, '1', '37.57786799089998', '126.90235872941979'),
       (2225, '2', '37.5753522204347', '126.899973421904'),
       (2226, '3', '37.57546965593925', '126.90033551637305'),
       (2227, '4', '37.57741745696826', '126.90231403509947'),
       (2228, '5', '37.5781020333959', '126.90209804633278'),
       (2229, '6', '37.5779293477846', '126.900309596557'),
       (2230, '7', '37.5770090830556', '126.89883914623'),
       (2231, '8', '37.57700841109927', '126.89805802617367'),
       (2232, '9', '37.57755730020155', '126.89723086847293'),
       (2233, '1', '37.56836869978477', '126.89902062201827'),
       (2234, '2', '37.5698191356181', '126.898826232288'),
       (2235, '3', '37.5703777518952', '126.898825476663'),
       (2236, '1', '37.564731621294804', '126.90252302095824'),
       (2237, '2', '37.5642724681967', '126.902953728553'),
       (2238, '3', '37.56303039595743', '126.90455124523552'),
       (2239, '4', '37.562651868066666', '126.90441590709788'),
       (2240, '5', '37.56246245720006', '126.90416714444301'),
       (2241, '6', '37.56269605168677', '126.90335191840049'),
       (2242, '7', '37.562912142158304', '126.90317054387728'),
       (2243, '8', '37.56449709114714', '126.9021950842314'),
       (2244, '1', '37.5560071791805', '126.910366038667'),
       (2245, '2', '37.555853803272036', '126.91009460492583'),
       (2246, '1', '37.54787087604954', '126.92269910999224'),
       (2247, '2', '37.5478532471946', '126.923298886002'),
       (2248, '3', '37.54763700032011', '126.9232877914254'),
       (2249, '4', '37.547654636529835', '126.92269933329312'),
       (2250, '1', '37.547731993762916', '126.93123164328041'),
       (2251, '2', '37.5477142692668', '126.931740886968'),
       (2252, '3', '37.547795962778586', '126.93279321693002'),
       (2253, '4', '37.547336563015', '126.932986003208'),
       (2254, '5', '37.54725464881232', '126.9315489324595'),
       (2255, '6', '37.54729943546203', '126.9310962474328'),
       (2256, '1', '37.5481340539714', '126.941676152634'),
       (2257, '2', '37.5478460347561', '126.942287451037'),
       (2258, '3', '37.5476837719668', '126.94211783372958'),
       (2259, '4', '37.5480077685167', '126.941382029583'),
       (2260, '1', '37.539519527217045', '126.9612237422069'),
       (2261, '2', '37.5393844918901', '126.961574574253'),
       (2262, '3', '37.5391142139849', '126.961642602146'),
       (2263, '4', '37.5387360701802', '126.962502721338'),
       (2264, '5', '37.5384659978873', '126.963227001748'),
       (2265, '6', '37.53935725401411', '126.9609409536682'),
       (2266, '1', '37.53460343796186', '126.97341166477072'),
       (2267, '2', '37.53422493040633', '126.97302711880259'),
       (2268, '3', '37.5333147040003', '126.972099699412'),
       (2269, '4', '37.53353086083582', '126.97174888417716'),
       (2270, '5', '37.53446810950568', '126.972631035462'),
       (2271, '6', '37.53485562575617', '126.97300426320682'),
       (2272, '7', '37.5353152234038', '126.973388783482'),
       (2273, '8', '37.5355224586415', '126.97341133849065'),
       (2274, '9', '37.536135202362516', '126.97369398135021'),
       (2275, '10', '37.536387535187195', '126.97393149625763'),
       (2276, '11', '37.535811059763226', '126.97468975954759'),
       (2277, '12', '37.535540781368994', '126.97479167983295'),
       (2278, '13', '37.53507218319823', '126.97442978137771'),
       (2279, '14', '37.535054099123656', '126.97413561697168'),
       (2280, '1', '37.5352994159716', '126.986377594325'),
       (2281, '2', '37.535641825959885', '126.9866377619095'),
       (2282, '3', '37.53449757410305', '126.9868076786073'),
       (2283, '4', '37.5347047185107', '126.986060904884'),
       (2284, '1', '37.534588239857406', '126.99364142914976'),
       (2285, '2', '37.534633323954225', '126.99430896252065'),
       (2286, '3', '37.534417084840584', '126.99433160726686'),
       (2287, '4', '37.53437200087028', '126.99366407580966'),
       (2288, '1', '37.540201632333', '127.001629364488'),
       (2289, '2', '37.5405259871442', '127.001968823951'),
       (2290, '3', '37.540174597537174', '127.0019461846575'),
       (2291, '1', '37.5484545782476', '127.007197153162'),
       (2292, '2', '37.54831941371623', '127.00743478158678'),
       (2293, '3', '37.54788695655568', '127.00707262046704'),
       (2294, '1', '37.555401032508556', '127.01043457722174'),
       (2295, '2', '37.55524783961771', '127.01069485389212'),
       (2296, '3', '37.55496851170901', '127.01089852471524'),
       (2297, '4', '37.55368901005654', '127.01178106984165'),
       (2298, '5', '37.55352686272305', '127.01145285000017'),
       (2299, '6', '37.5543828807749', '127.010706047458'),
       (2300, '7', '37.55332878338385', '127.0099023885688'),
       (2301, '8', '37.553319805046904', '127.00951760890071'),
       (2302, '9', '37.554653207417516', '127.01040052130473'),
       (2303, '10', '37.5551577868327', '127.010162928296'),
       (2304, '1', '37.579412067474465', '127.0150908425952'),
       (2305, '2', '37.57992563689442', '127.01506830416977'),
       (2306, '3', '37.579925587133324', '127.01545321951531'),
       (2307, '4', '37.579421026095204', '127.01548707812486'),
       (2308, '1', '37.5853220244109', '127.018975432535'),
       (2309, '2', '37.58560131032321', '127.01911136622005'),
       (2310, '3', '37.58569137274171', '127.0193378275042'),
       (2311, '4', '37.5855561638857', '127.019700093086'),
       (2312, '5', '37.5853579283758', '127.01980193760707'),
       (2313, '6', '37.5850516115693', '127.01967731649'),
       (2314, '7', '37.585024624898914', '127.01941690771136'),
       (2315, '8', '37.5851057604944', '127.019133883179'),
       (2316, '1', '37.58639221706212', '127.0288032166927'),
       (2317, '2', '37.58641004086593', '127.02959576507138'),
       (2318, '3', '37.58622082953828', '127.02960701215181'),
       (2319, '4', '37.58619403721514', '127.02864463248636'),
       (2320, '1', '37.5896969309735', '127.035847097216'),
       (2321, '2', '37.59026448359774', '127.03608514413223'),
       (2322, '3', '37.590444553202985', '127.0365041684734'),
       (2323, '4', '37.58976878454596', '127.03658309613708'),
       (2324, '5', '37.5893183479228', '127.036390393819'),
       (2325, '6', '37.58929147069392', '127.03589219258824'),
       (2326, '1', '37.601705412211516', '127.04116397319754'),
       (2327, '2', '37.6024712262701', '127.041243666339'),
       (2328, '3', '37.60257020001218', '127.04162875295323'),
       (2329, '4', '37.6025069174703', '127.04222891408247'),
       (2330, '5', '37.60188543543551', '127.04166234449295'),
       (2331, '1', '37.60584772905053', '127.04714583812945'),
       (2332, '2', '37.6074412241035', '127.050193324845'),
       (2333, '3', '37.60728790607424', '127.05054430254334'),
       (2334, '4', '37.60561339013381', '127.04734953898543'),
       (2335, '1', '37.610754001272646', '127.05652662309576'),
       (2336, '2', '37.611195474887786', '127.05654960878687'),
       (2337, '3', '37.611159304776834', '127.05682139991339'),
       (2338, '4', '37.6111500703952', '127.057285749457'),
       (2339, '5', '37.6109157252337', '127.057466781458'),
       (2340, '6', '37.6105733605446', '127.057443866662'),
       (2341, '7', '37.6105374200497', '127.057239976832'),
       (2342, '8', '37.61054666514437', '127.05675297974227'),
       (2343, '1', '37.61497503656678', '127.06543232916987'),
       (2344, '2', '37.61524469948886', '127.06656520451027'),
       (2345, '3', '37.61546938001762', '127.067562130153'),
       (2346, '4', '37.614812122928', '127.06674604010642'),
       (2347, '5', '37.6137764640871', '127.065895651849'),
       (2348, '6', '37.6146054741558', '127.065715162688'),
       (2349, '7', '37.614443591551556', '127.0651826855858'),
       (2350, '1', '37.61746529997378', '127.07465446721764'),
       (2351, '2', '37.618365927638315', '127.07522171087786'),
       (2352, '3', '37.6189967556633', '127.075007134196'),
       (2353, '4', '37.6190956332983', '127.075369696699'),
       (2354, '5', '37.61844678488329', '127.07558425235851'),
       (2355, '6', '37.61792394309624', '127.07600281454886'),
       (2356, '7', '37.617653603112934', '127.07607049990334'),
       (2357, '8', '37.61739281800079', '127.07528869083238'),
       (2358, '1', '37.62003592972329', '127.08387731035897'),
       (2359, '2', '37.6203782724801', '127.08392300363889'),
       (2360, '3', '37.62084676945201', '127.08394618474864'),
       (2361, '4', '37.62057615025287', '127.08439896838813'),
       (2362, '5', '37.61991729333184', '127.08597269021702'),
       (2363, '6', '37.61963840688836', '127.08539468923921'),
       (2364, '7', '37.619647890352205', '127.0847377307702'),
       (2365, '1', '37.61780546577821', '127.09067087118244'),
       (2366, '2', '37.6167855791983', '127.092946283829'),
       (2367, '3', '37.61656945818122', '127.09279876914464'),
       (2368, '4', '37.61739112480307', '127.09052312074867'),
       (2369, '5', '37.6177247328612', '127.09020637578'),
       (2370, '1', '37.6126689049884', '127.102794777868'),
       (2371, '2', '37.6134158919405', '127.1037471993525'),
       (2372, '3', '37.61318166510601', '127.10371289573006'),
       (2373, '4', '37.6124340940748', '127.103428708502'),
       (2374, '1', '37.68906307050629', '127.04586062973665'),
       (2375, '1-1', '37.69049542408755', '127.04637171400324'),
       (2376, '2', '37.6891618890764', '127.046597636132'),
       (2377, '3', '37.68838714274479', '127.0463590637685'),
       (2378, '1', '37.6789769637447', '127.055546763132'),
       (2379, '2', '37.6779678786244', '127.055523338958'),
       (2380, '3', '37.676895724822025', '127.05549986845719'),
       (2381, '4', '37.6769048941454', '127.055159802549'),
       (2382, '5', '37.6779770480177', '127.05518326815974'),
       (2383, '6', '37.6789771234245', '127.055206681054'),
       (2384, '1', '37.666127987552', '127.05764533233'),
       (2385, '2', '37.6658216099128', '127.057735767959'),
       (2386, '3', '37.6649655674031', '127.0579617837263'),
       (2387, '4', '37.66437985760863', '127.05810866837098'),
       (2388, '5', '37.66432596579003', '127.05776861102117'),
       (2389, '6', '37.6649026764354', '127.057599048989'),
       (2390, '7', '37.66575871826249', '127.05737302924416'),
       (2391, '8', '37.66607409992583', '127.05729393322977'),
       (2392, '1', '37.6563670488039', '127.06406338895712'),
       (2393, '2', '37.656079423171285', '127.0627825590851'),
       (2394, '3', '37.65512553205357', '127.06058326143564'),
       (2395, '4', '37.65454871682668', '127.06094542825386'),
       (2396, '5', '37.65386398805125', '127.0609108718583'),
       (2397, '6', '37.6538011001723', '127.060559520907'),
       (2398, '7', '37.6543959339272', '127.060197369272'),
       (2399, '8', '37.65514374894139', '127.06019797298225'),
       (2400, '9', '37.6562866851277', '127.062714737868'),
       (2401, '10', '37.656574311483624', '127.06399557104096'),
       (2402, '1', '37.64591570174701', '127.06396376321325'),
       (2403, '2', '37.645537029793964', '127.06443934002199'),
       (2404, '3', '37.64403218891707', '127.06480062437238'),
       (2405, '4', '37.64400537657003', '127.06440402461776'),
       (2406, '5', '37.6452672386432', '127.06350996923307'),
       (2407, '6', '37.645771758780846', '127.06356705392248'),
       (2408, '1', '37.6375254363598', '127.067729383847'),
       (2409, '2', '37.636362668882974', '127.06858937762473'),
       (2410, '3', '37.636056281381286', '127.0686797323769'),
       (2411, '4', '37.6355792184654', '127.067886229944'),
       (2412, '5', '37.63584061469786', '127.06769386598626'),
       (2413, '6', '37.63744456179442', '127.06735542837035'),
       (2414, '1', '37.6259175554602', '127.073065670454'),
       (2415, '2', '37.6253588035305', '127.07329168202'),
       (2416, '3', '37.6252689295073', '127.072929100628'),
       (2417, '4', '37.62581867089215', '127.07270307784187'),
       (2418, '1', '37.6116338003255', '127.0779104801383'),
       (2419, '2', '37.6111202594485', '127.077875967121'),
       (2420, '3', '37.610282250516306', '127.07801100096778'),
       (2421, '4', '37.60972356275207', '127.07812367294714'),
       (2422, '5', '37.609687762570694', '127.07776121799688'),
       (2423, '6', '37.610237440111', '127.077648533992'),
       (2424, '7', '37.611706237037446', '127.07736691475655'),
       (2425, '1', '37.6034789084883', '127.079317550283'),
       (2426, '2', '37.6017848193152', '127.079655482141'),
       (2427, '3', '37.601776053438', '127.07929309367785'),
       (2428, '4', '37.603443111902', '127.078955125072'),
       (2429, '1', '37.596581797022104', '127.08579862845903'),
       (2430, '2', '37.59632944559537', '127.08590025040243'),
       (2431, '3', '37.59486970901674', '127.08607974521821'),
       (2432, '4', '37.5948248573688', '127.085807934511'),
       (2433, '5', '37.59610478037823', '127.08509602453007'),
       (2434, '6', '37.59638411189152', '127.08506237204118'),
       (2435, '7', '37.59737482467278', '127.0855843891186'),
       (2436, '8', '37.5967347922761', '127.08603659937'),
       (2437, '1', '37.58956189857716', '127.08739836400662'),
       (2438, '2', '37.5883901975895', '127.087951787561'),
       (2439, '3', '37.588715033656484', '127.08730679483152'),
       (2440, '1', '37.5816503878756', '127.088464638031'),
       (2441, '2', '37.58084856380567', '127.08838444106256'),
       (2442, '3', '37.5805875888079', '127.087965250497'),
       (2443, '4', '37.580514907676154', '127.08876896491232'),
       (2444, '1', '37.574317489069195', '127.08685981655549'),
       (2445, '2', '37.57389388860282', '127.08704044653626'),
       (2446, '3', '37.57360600312422', '127.0864514673233'),
       (2447, '1', '37.56611097679145', '127.08472232507991'),
       (2448, '2', '37.565237424381685', '127.08414407626334'),
       (2449, '3', '37.56608427905653', '127.0842582182318'),
       (2450, '4', '37.5666246656538', '127.084553121514'),
       (2451, '1', '37.549007319324154', '127.07546881336009'),
       (2452, '2', '37.5472598367204', '127.074754137564'),
       (2453, '3', '37.54705277162909', '127.07449366131091'),
       (2454, '4', '37.547017165158145', '127.0738033462907'),
       (2455, '5', '37.54773763715982', '127.07432460033698'),
       (2456, '6', '37.54889048523031', '127.07500472554594'),
       (2457, '1', '37.53210055331854', '127.067192697035'),
       (2458, '2', '37.53091152097123', '127.06668251721823'),
       (2459, '3', '37.5310288676399', '127.066297957814'),
       (2460, '4', '37.53182172921018', '127.06633260090467'),
       (2461, '1', '37.5196447299372', '127.057668197674'),
       (2462, '2', '37.51967212763194', '127.0569103195197'),
       (2463, '3', '37.51963675505653', '127.0555076141204'),
       (2464, '4', '37.51904361933217', '127.05215887181626'),
       (2465, '5', '37.51893576222207', '127.05155927038444'),
       (2466, '6', '37.518485662033825', '127.05063139718136'),
       (2467, '7', '37.518341646542794', '127.05029194802268'),
       (2468, '8', '37.5191977911037', '127.049840048312'),
       (2469, '9', '37.519260698383945', '127.05022469363715'),
       (2470, '10', '37.51920609761447', '127.0514802733797'),
       (2471, '11', '37.51933192524258', '127.05219300812988'),
       (2472, '12', '37.5198621435818', '127.05521367018059'),
       (2473, '13', '37.5203750889551', '127.05653755626072'),
       (2474, '14', '37.5205099234522', '127.057193757214'),
       (2475, '1', '37.51717363407738', '127.04185274613067'),
       (2476, '2', '37.51688572790791', '127.04066487688958'),
       (2477, '3', '37.51719206902745', '127.04066504312111'),
       (2478, '3-1', '37.51734513795981', '127.04095922722134'),
       (2479, '4', '37.51745297311176', '127.04177372097674'),
       (2480, '1', '37.5145274867847', '127.03300594654641'),
       (2481, '2', '37.51428443127565', '127.03222537245344'),
       (2482, '3', '37.51368106187314', '127.03109401045533'),
       (2483, '4', '37.51358204028281', '127.03075463905147'),
       (2484, '5', '37.51375331597706', '127.03042668927102'),
       (2485, '6', '37.51397860473319', '127.03027973681317'),
       (2486, '7', '37.51425787230721', '127.03044951633237'),
       (2487, '8', '37.514356897709526', '127.03077757926809'),
       (2488, '9', '37.514554769362924', '127.03208975480224'),
       (2489, '10', '37.51479782890314', '127.03285902007947'),
       (2490, '1', '37.511088259848506', '127.02175035071197'),
       (2491, '2', '37.51074586775287', '127.02180680427404'),
       (2492, '5', '37.5105927878271', '127.021309095104'),
       (2493, '6', '37.51087214382574', '127.02106034127576'),
       (2494, '7', '37.51114246525249', '127.02094731079934'),
       (2495, '8', '37.51162001954356', '127.0208230263953'),
       (2496, '9', '37.51169200292965', '127.02136596122998'),
       (2497, '10', '37.51134056183842', '127.02163731719695'),
       (2498, '1', '37.50817939625362', '127.01211321984849'),
       (2499, '2', '37.5079992552292', '127.011513751798'),
       (2500, '3', '37.50762995398623', '127.0103148230987'),
       (2501, '4', '37.50788224616368', '127.01019044615109'),
       (2502, '5', '37.50826957092839', '127.01136676059247'),
       (2503, '6', '37.50862994864862', '127.01161564104251'),
       (2504, '1', '37.48769098957528', '126.99422206866674'),
       (2505, '2', '37.48737562777971', '126.99404118001483'),
       (2506, '3', '37.4872584809399', '126.993735899209'),
       (2507, '4', '37.48741162938744', '126.99331752504588'),
       (2508, '5', '37.48769092886729', '126.99309135804089'),
       (2509, '6', '37.488015301535', '126.993260935497'),
       (2510, '7', '37.48807839095327', '126.99360014477033'),
       (2511, '8', '37.4879792991245', '126.993961982016'),
       (2512, '3', '37.486077019743576', '126.9824291348442'),
       (2513, '4', '37.48573467665799', '126.98270057849386'),
       (2514, '5', '37.48523010205491', '126.98263285442667'),
       (2515, '6', '37.48503184675966', '126.98240676621022'),
       (2516, '7', '37.48472541141174', '126.98179627846746'),
       (2517, '8', '37.48504973407845', '126.98153614549082'),
       (2518, '9', '37.48485141524183', '126.98092563367257'),
       (2519, '10', '37.48499548019951', '126.98033764865075'),
       (2520, '11', '37.48544618832809', '126.98160388853076'),
       (2521, '12', '37.4858156280075', '126.981773400297'),
       (2522, '1', '37.484200922893706', '126.97205013367164'),
       (2523, '2', '37.484552120786205', '126.97123592527252'),
       (2524, '3', '37.4847683792885', '126.971303682356'),
       (2525, '4', '37.4843541422953', '126.97225359545'),
       (2526, '1', '37.4951066423717', '126.954427857565'),
       (2527, '2', '37.4957011048801', '126.953907313949'),
       (2528, '3', '37.49592647961309', '126.95422380914937'),
       (2529, '4', '37.49536804732842', '126.9547217135562'),
       (2530, '1', '37.502969576579964', '126.9475582676191'),
       (2531, '2', '37.503149707240475', '126.94739980952662'),
       (2532, '3', '37.50343822948653', '126.94785198629266'),
       (2533, '4', '37.5035735196369', '126.94816855819238'),
       (2534, '5', '37.50311399207056', '126.94813494757028'),
       (2535, '1', '37.5049390036416', '126.939651405816'),
       (2536, '2', '37.50442513476952', '126.93907502842062'),
       (2537, '3', '37.50419036784423', '126.93810259424176'),
       (2538, '4', '37.50438850586017', '126.93794409594993'),
       (2539, '5', '37.5056146298767', '126.93940204620439'),
       (2540, '6', '37.505578705506046', '126.93962827128075'),
       (2541, '1', '37.49959927962155', '126.92925151562945'),
       (2542, '2', '37.49953569138159', '126.92839209999589'),
       (2543, '3', '37.49966095981933', '126.92696705788228'),
       (2544, '4', '37.49988623214563', '126.92700076530656'),
       (2545, '5', '37.49986904283377', '126.9283578548444'),
       (2546, '6', '37.499842557873365', '126.92926259503717'),
       (2547, '1', '37.499837083509206', '126.92064519170839'),
       (2548, '2', '37.49962072816592', '126.92047578713488'),
       (2549, '3', '37.4996295093461', '126.92013651072'),
       (2550, '4', '37.49981821350332', '126.91938992024316'),
       (2551, '5', '37.50004348795974', '126.9194236049703'),
       (2552, '6', '37.50009800914468', '126.92010208482553'),
       (2553, '7', '37.5001884071448', '126.920543039026'),
       (2554, '8', '37.5000263477665', '126.92072415416'),
       (2555, '1', '37.5000193696043', '126.910930600562'),
       (2556, '2', '37.500036384670814', '126.90960743156302'),
       (2557, '3', '37.50003556647129', '126.908544389954'),
       (2558, '4', '37.50024283262277', '126.90858937314312'),
       (2559, '5', '37.50021658566726', '126.90960721433676'),
       (2560, '6', '37.5001905605577', '126.91093039721783'),
       (2561, '1', '37.4874854959173', '126.88865924728282'),
       (2562, '2', '37.48506910148263', '126.88687637388588'),
       (2563, '3', '37.4845728200631', '126.886119577912'),
       (2564, '4', '37.48489704069818', '126.88597209896028'),
       (2565, '5', '37.48545625248878', '126.88658181428411'),
       (2566, '6', '37.4876024240844', '126.888444239083'),
       (2567, '1', '37.4816863923093', '126.882845162065'),
       (2568, '2', '37.480966112329504', '126.88337767270977'),
       (2569, '3', '37.48081323089075', '126.88367186797218'),
       (2570, '5', '37.4797033665771', '126.882034233509'),
       (2571, '6', '37.480576959184944', '126.8816484552277'),
       (2572, '7', '37.48162280498094', '126.8823251768058'),
       (2573, '8', '37.48124439327582', '126.88233707637163'),
       (2574, '1', '37.48618448720553', '126.83871872977866'),
       (2575, '2', '37.48651762727391', '126.83854840984027'),
       (2576, '3', '37.48710354275446', '126.83873936801015'),
       (2577, '4', '37.48629319350583', '126.83914815767756'),
       (2578, '1', '37.49238100395451', '126.824389731359'),
       (2579, '2', '37.492029461437866', '126.82428878468893'),
       (2580, '3', '37.49224506230878', '126.82385858402687'),
       (2581, '4', '37.491946311321136', '126.82290943595787'),
       (2582, '5', '37.4921703558944', '126.822106055512'),
       (2583, '6', '37.492505745547035', '126.82345089039974'),
       (2584, '7', '37.492578214161384', '126.82371079989038'),
       (2585, '8', '37.4927321597057', '126.82423059927'),
       (2586, '1', '37.55035883761266', '127.12778664093094'),
       (2587, '2', '37.5498634855046', '127.127604731501'),
       (2588, '3', '37.54994490496828', '127.12729932489624'),
       (2589, '4', '37.550431247581606', '127.12748121716038'),
       (2590, '1', '37.53095850757447', '127.12095404526615'),
       (2591, '2', '37.53062469670706', '127.12138342217403'),
       (2592, '3', '37.53034585113688', '127.12093042887153'),
       (2593, '4', '37.5304546296426', '127.12028573202495'),
       (2594, '5', '37.531067078574246', '127.1205129884527'),
       (2595, '1', '37.51772141601307', '127.11325207994733'),
       (2596, '2', '37.51709108295496', '127.11286653515964'),
       (2597, '3', '37.51710953448295', '127.11241410143383'),
       (2598, '4', '37.517614299808514', '127.11219993795608'),
       (2599, '5', '37.51793817577211', '127.112709447713'),
       (2600, '1', '37.5057077279329', '127.10713793760799'),
       (2601, '2', '37.5057433672043', '127.10757907164601'),
       (2602, '3', '37.50524685124879', '127.10773741945133'),
       (2603, '4', '37.5050494500468', '127.10773641198303'),
       (2604, '5', '37.50480669341328', '127.1071705790423'),
       (2605, '6', '37.504860968876876', '127.10693315313327'),
       (2606, '7', '37.50516757598706', '127.10663953730061'),
       (2607, '8', '37.50542806204731', '127.10660670764867'),
       (2608, '1', '37.49965689971459', '127.11260280185454'),
       (2609, '2', '37.49938636097006', '127.11285119061247'),
       (2610, '3', '37.49891812991509', '127.11254514854724'),
       (2611, '4', '37.4995403603685', '127.111980638063'),
       (2612, '1', '37.49254262773722', '127.11806511124136'),
       (2613, '2', '37.49288498715595', '127.11808826590992'),
       (2614, '2-1', '37.49271402198706', '127.11786183959894'),
       (2615, '3', '37.493199874668', '127.118552386821'),
       (2616, '4', '37.492829984973156', '127.11902673291107'),
       (2617, '5', '37.49255940965159', '127.11929769154699'),
       (2618, '6', '37.49226202078769', '127.11935375749674'),
       (2619, '7', '37.49216366181202', '127.11860728789054'),
       (2620, '8', '37.49167936767044', '127.11634498183487'),
       (2621, '1', '37.4867086199369', '127.12247694756'),
       (2622, '2', '37.486257882234', '127.12270234939'),
       (2623, '3', '37.4860422031541', '127.122159267792'),
       (2624, '4', '37.48657408872752', '127.12187746057569'),
       (2625, '1', '37.47878459140105', '127.12643233455775'),
       (2626, '2', '37.478505133923186', '127.12656753231434'),
       (2627, '3', '37.478334546722046', '127.12600196014675'),
       (2628, '4', '37.47854199522785', '127.12579880548957'),
       (2629, '1', '37.4715308123833', '127.127041872241'),
       (2630, '2', '37.47023346968657', '127.1269379363884'),
       (2631, '3', '37.47100899111254', '127.12632880018637'),
       (2632, '4', '37.4714412694951', '127.126521706754'),
       (2633, '1', '37.63728277177169', '126.91893573890529'),
       (2634, '2', '37.63617475534255', '126.91922018182085'),
       (2635, '3', '37.636057292820325', '126.91873313842117'),
       (2636, '4', '37.637264314456274', '126.91830129400907'),
       (2637, '7', '37.619669559553515', '126.92050667372843'),
       (2638, '1', '37.601586944218084', '126.93567785707688'),
       (2639, '2', '37.60071326657888', '126.93619952187058'),
       (2640, '3', '37.60074889360171', '126.93544077053677'),
       (2641, '4', '37.60106420295608', '126.93537255263342'),
       (2642, '5', '37.6014155456471', '126.935292978656'),
       (2643, '1', '37.58940961505011', '126.94364803771298'),
       (2644, '2', '37.5883560687301', '126.944950898265'),
       (2645, '3', '37.58816673332487', '126.94467930282585'),
       (2646, '4', '37.5892202821115', '126.943387764195'),
       (2647, '1', '37.5825020540665', '126.950457423438'),
       (2648, '2', '37.58211471234293', '126.9506614647815'),
       (2649, '3', '37.5819974407746', '126.950321901594'),
       (2650, '4', '37.58238478670156', '126.95012918022111'),
       (2651, '1', '37.57516163863588', '126.9573337197123'),
       (2652, '2', '37.5747923896664', '126.957775420602'),
       (2653, '3', '37.573702597567475', '126.95894200591302'),
       (2654, '3-1', '37.57422498419137', '126.95839835065884'),
       (2655, '5', '37.57495431965214', '126.95708479169205'),
       (2656, '1', '37.57619321126696', '126.97220823441525'),
       (2657, '2', '37.5763824652308', '126.972400612633'),
       (2658, '3', '37.5763104593643', '126.972717612994'),
       (2659, '3-1', '37.57610325416221', '126.9728195727385'),
       (2660, '4', '37.5760042456058', '126.973261106118'),
       (2661, '5', '37.5762930549266', '126.975525100792'),
       (2662, '6', '37.575616828248', '126.97330652619424'),
       (2663, '7', '37.57578776378878', '126.97220838509853'),
       (2664, '1', '37.576213476357715', '126.98443434285086'),
       (2665, '2', '37.57713270363455', '126.98614356467596'),
       (2666, '3', '37.57709669152774', '126.98638130419248'),
       (2667, '4', '37.576691251891766', '126.98644930133348'),
       (2668, '5', '37.57654704798176', '126.98606442950012'),
       (2669, '6', '37.5758260201816', '126.98421933553618'),
       (2670, '1', '37.5614561109048', '126.99555192982154'),
       (2671, '2', '37.5613119263339', '126.99492943613336'),
       (2672, '3', '37.561023543683895', '126.99361654688043'),
       (2673, '4', '37.56096943354107', '126.992745052323'),
       (2674, '5', '37.56119469372394', '126.99292612176322'),
       (2675, '6', '37.561437973555094', '126.99310719063358'),
       (2676, '7', '37.56143798591388', '126.99332223722986'),
       (2677, '8', '37.56167234535827', '126.99542741591439'),
       (2678, '1', '37.55919458697923', '127.00499119506263'),
       (2679, '2', '37.55931170530563', '127.00525151504289'),
       (2680, '3', '37.5593116525864', '127.00632671747071'),
       (2681, '4', '37.55905935472514', '127.00666623260318'),
       (2682, '5', '37.55881609930238', '127.00641721833347'),
       (2683, '6', '37.5588882474889', '127.005002492485'),
       (2684, '1', '37.548678935298234', '127.01620495941911'),
       (2685, '2', '37.548228423500014', '127.0162953918439'),
       (2686, '3', '37.5479672166157', '127.015684259924'),
       (2687, '4', '37.548444772817355', '127.01548066699998'),
       (2688, '1', '37.541957314235184', '127.01738029533324'),
       (2689, '2', '37.541632929243185', '127.01754994874324'),
       (2690, '3', '37.54133561609143', '127.01743672703073'),
       (2691, '4', '37.54157890433549', '127.01731231605761'),
       (2692, '5', '37.54152485758801', '127.01722178171288'),
       (2693, '6', '37.54186726210846', '127.01705213122965'),
       (2694, '7', '37.542705201538375', '127.0169844296175'),
       (2695, '1', '37.527665161178874', '127.02899557058296'),
       (2696, '2', '37.5270255244767', '127.028689870915'),
       (2697, '3', '37.525908229631', '127.02890438758868'),
       (2698, '4', '37.52561105229167', '127.02827075463361'),
       (2699, '5', '37.5267734283143', '127.027920490214'),
       (2700, '6', '37.5270077314631', '127.027739568938'),
       (2701, '1', '37.516476402635305', '127.02098273597434'),
       (2702, '2', '37.51606210595879', '127.02003246361105'),
       (2703, '3', '37.51587291813962', '127.0198966767593'),
       (2704, '4', '37.5156026979706', '127.019410218431'),
       (2705, '5', '37.51656681797132', '127.01912768160423'),
       (2706, '6', '37.51657573506286', '127.01969325702291'),
       (2707, '7', '37.5165396474338', '127.019976033975'),
       (2708, '8', '37.51687288415487', '127.02075661683232'),
       (2709, '1', '37.51287367185705', '127.01169547501678'),
       (2710, '2', '37.51262144320198', '127.01115251408275'),
       (2711, '3', '37.51281066786831', '127.01100550060728'),
       (2712, '4', '37.513071908337345', '127.011537152872'),
       (2713, '1', '37.48532035121546', '127.01632694556396'),
       (2714, '2', '37.48523921469822', '127.01665482327145'),
       (2715, '3', '37.4849688978003', '127.016756523529'),
       (2716, '4', '37.48477969883021', '127.0166660279336'),
       (2717, '5', '37.48480683655544', '127.01588587362565'),
       (2718, '6', '37.48508616128466', '127.01579547905959'),
       (2719, '1', '37.4847311220783', '127.033332033917'),
       (2720, '2', '37.4849833532232', '127.033513053139'),
       (2721, '3', '37.485010192365976', '127.03418016053271'),
       (2722, '4', '37.484847905652394', '127.03454190027368'),
       (2723, '5', '37.48448737928389', '127.03496007934184'),
       (2724, '6', '37.48417206976085', '127.03481294694082'),
       (2725, '7', '37.4839918179886', '127.03498246153'),
       (2726, '8', '37.48293730825648', '127.03607868964687'),
       (2727, '9', '37.48282036878665', '127.03544547660066'),
       (2728, '10', '37.48373066519282', '127.03450746639318'),
       (2729, '11', '37.4841723100762', '127.033987567041'),
       (2730, '12', '37.48428957681652', '127.03351274324761'),
       (2731, '1', '37.48675418724082', '127.04587235628433'),
       (2732, '2', '37.4870332654744', '127.046471798259'),
       (2733, '3', '37.4867268247051', '127.046720361557'),
       (2734, '4', '37.48644775213046', '127.04610961419353'),
       (2735, '1', '37.4909040098688', '127.05484181243304'),
       (2736, '2', '37.491309012971726', '127.05580325881859'),
       (2737, '3', '37.49088548619039', '127.0559160196046'),
       (2738, '4', '37.4904534327096', '127.05499978831'),
       (2739, '1', '37.49404513202006', '127.06171941124454'),
       (2740, '2', '37.4943781241086', '127.062443404477'),
       (2741, '3', '37.494962912474435', '127.06406096406735'),
       (2742, '4', '37.495286681086114', '127.06514683256894'),
       (2743, '5', '37.494917206094584', '127.06525959356954'),
       (2744, '6', '37.494629441874366', '127.06424160964295'),
       (2745, '7', '37.49402661182797', '127.0626692730155'),
       (2746, '8', '37.49368460510622', '127.06195658273955'),
       (2747, '1', '37.49645491831484', '127.07049673261808'),
       (2748, '1', '37.49409757061516', '127.07950704825537'),
       (2749, '2', '37.493827177361155', '127.07964245796462'),
       (2750, '3', '37.4936827948416', '127.079970236845'),
       (2751, '4', '37.493385569840456', '127.07981160847272'),
       (2752, '5', '37.493304616608', '127.079607979236'),
       (2753, '6', '37.493449020891', '127.079246277418'),
       (2754, '7', '37.49372828729498', '127.07931442056378'),
       (2755, '8', '37.49399867259929', '127.07919031789548'),
       (2756, '1', '37.48436367892394', '127.08386108050672'),
       (2757, '2', '37.4838492152902', '127.08510422314025'),
       (2758, '3', '37.4836421055782', '127.08493439083'),
       (2759, '4', '37.483326500417654', '127.0852845333727'),
       (2760, '5', '37.48327279800568', '127.08478698909403'),
       (2761, '6', '37.4840215443056', '127.083510195043'),
       (2762, '7', '37.484409041464055', '127.08342017347591'),
       (2763, '1', '37.48730574568475', '127.10080232169035'),
       (2764, '1-1', '37.48753078484718', '127.10105137977602'),
       (2765, '2', '37.48778260123797', '127.10159446051796'),
       (2766, '3', '37.48778197674696', '127.10231811505513'),
       (2767, '4', '37.48710598647196', '127.10258856141475'),
       (2768, '5', '37.48727746200251', '127.10226089176345'),
       (2769, '6', '37.486917430447576', '127.10183073557539'),
       (2770, '1', '37.495330182318305', '127.12350876826228'),
       (2771, '2', '37.49585211316606', '127.12413158593166'),
       (2772, '3', '37.49549162809888', '127.12421014720776'),
       (2773, '4', '37.49505069338673', '127.12367793113312'),
       (2774, '1', '37.6705481641838', '127.079411548441'),
       (2775, '2', '37.66987283269848', '127.07881009043012'),
       (2776, '3', '37.669954019196', '127.078662825194'),
       (2777, '4', '37.6706203187756', '127.079298277322'),
       (2778, '5', '37.6710525290215', '127.079684122678'),
       (2779, '6', '37.67098035872488', '127.07982006377283'),
       (2780, '1', '37.660722264781704', '127.07355310016436'),
       (2781, '2', '37.660587202385095', '127.07341696760633'),
       (2782, '3', '37.66013690201292', '127.0731105275763'),
       (2783, '4', '37.66068636666862', '127.0733263989394'),
       (2784, '5', '37.6608394346644', '127.073485215885'),
       (2785, '1', '37.65347318417242', '127.04880776832502'),
       (2786, '2', '37.65296048643109', '127.04667699467456'),
       (2787, '1', '37.64886503512816', '127.0350709801221'),
       (2788, '2', '37.64805429073093', '127.0345946812504'),
       (2789, '3', '37.6481985538324', '127.034232143543'),
       (2790, '4', '37.6490002931767', '127.03469710369'),
       (2791, '1', '37.638379867088865', '127.02627404613166'),
       (2792, '2', '37.63806459758233', '127.02593403944974'),
       (2793, '3', '37.637352986290296', '127.02516336928868'),
       (2794, '4', '37.6370377159078', '127.024812042281'),
       (2795, '5', '37.63720895522401', '127.02456284526369'),
       (2796, '6', '37.63753323858137', '127.02490284525994'),
       (2797, '7', '37.638253861402404', '127.02567351790033'),
       (2798, '8', '37.6385691316497', '127.026013524345'),
       (2799, '1', '37.62742394871753', '127.02596432660796'),
       (2800, '2', '37.62732477249758', '127.02627015418315'),
       (2801, '3', '37.62616246685501', '127.02641700974864'),
       (2802, '4', '37.625738964914326', '127.02658677963468'),
       (2803, '5', '37.6256669595326', '127.02625824276'),
       (2804, '6', '37.62608145113898', '127.02608846802461'),
       (2805, '7', '37.6268383471827', '127.025782872486'),
       (2806, '8', '37.627397005700765', '127.0255678289775'),
       (2807, '1', '37.6140612953372', '127.030195683358'),
       (2808, '2', '37.612826879796714', '127.03043303076751'),
       (2809, '3', '37.6125115628835', '127.03031964249817'),
       (2810, '4', '37.6124575874857', '127.029991167475'),
       (2811, '5', '37.61301621489221', '127.02993476154639'),
       (2812, '6', '37.6140073224775', '127.029855875404'),
       (2813, '1', '37.60309745529539', '127.02506123008733'),
       (2814, '2', '37.60261097317068', '127.02481192840973'),
       (2815, '3', '37.602737170997315', '127.02452885793188'),
       (2816, '4', '37.60319662637951', '127.0247668246585'),
       (2817, '5', '37.604007426459496', '127.02519743161376'),
       (2818, '6', '37.603998445493964', '127.02506153234269'),
       (2819, '7', '37.604286793499185', '127.02491440758081'),
       (2820, '8', '37.6045840914534', '127.025050404041'),
       (2821, '9', '37.60454800598422', '127.02526556257281'),
       (2822, '10', '37.60443080651307', '127.02559394075251'),
       (2823, '1', '37.5927645191535', '127.017029768738'),
       (2824, '2', '37.59239516418596', '127.01666735086171'),
       (2825, '3', '37.59236819906944', '127.0162031049472'),
       (2826, '4', '37.5926385412716', '127.015874797564'),
       (2827, '5', '37.59291779166935', '127.01629380816524'),
       (2828, '6', '37.59304389429198', '127.01655426527478'),
       (2829, '7', '37.59298978826939', '127.01688262082862'),
       (2830, '1', '37.58872909301648', '127.00703119377212'),
       (2831, '2', '37.588404753505', '127.006725460512'),
       (2832, '3', '37.5881524974864', '127.00632915780938'),
       (2833, '4', '37.58819757333797', '127.00581965845458'),
       (2834, '5', '37.588738176599854', '127.00566118730129'),
       (2835, '6', '37.58876517726892', '127.00623863065908'),
       (2836, '7', '37.588918313412364', '127.0068274083382'),
       (2837, '1', '37.583125110211455', '127.0019359806829'),
       (2838, '2', '37.58133212764378', '127.0022416080839'),
       (2839, '3', '37.581314114093665', '127.00187932753677'),
       (2840, '4', '37.5835575956026', '127.001313304435'),
       (2841, '1', '37.5609419557197', '126.987414198373'),
       (2842, '2', '37.560806638839345', '126.98593154395604'),
       (2843, '3', '37.5607615327934', '126.985467508715'),
       (2844, '4', '37.5607073947227', '126.98484502200454'),
       (2845, '5', '37.56091459176099', '126.98459598045712'),
       (2846, '6', '37.561031775235', '126.985014729008'),
       (2847, '7', '37.56099578777334', '126.9854335086903'),
       (2848, '8', '37.5610318772107', '126.98584095616091'),
       (2849, '9', '37.561176211254185', '126.98738020436116'),
       (2850, '10', '37.56122131791062', '126.98792347079205'),
       (2851, '1', '37.55932811749888', '126.97982014368885'),
       (2852, '2', '37.5591928916808', '126.979378781973'),
       (2853, '3', '37.55799428879818', '126.97785121996766'),
       (2854, '4', '37.5578050259695', '126.977568333682'),
       (2855, '5', '37.5579311093061', '126.977274035392'),
       (2856, '6', '37.55940911312553', '126.97927686096949'),
       (2857, '7', '37.55954433931997', '126.97971822377657'),
       (2858, '1', '37.54562237711919', '126.97215169237384'),
       (2859, '2', '37.54532509528816', '126.97235548745294'),
       (2860, '3', '37.5450277735239', '126.972389544524'),
       (2861, '4', '37.5447664572565', '126.97227648369235'),
       (2862, '5', '37.5441177775431', '126.972446458245'),
       (2863, '6', '37.54381145623765', '126.9725257800163'),
       (2864, '7', '37.543730273488634', '126.97212976506468'),
       (2865, '8', '37.544081641816824', '126.97203910932494'),
       (2866, '9', '37.54468527368267', '126.97188046396059'),
       (2867, '10', '37.54547812049579', '126.9717443762185'),
       (2868, '1', '37.52986304583718', '126.96880876568588'),
       (2869, '2', '37.528547245283505', '126.96755354060474'),
       (2870, '3', '37.52851104845779', '126.96698789305475'),
       (2871, '4', '37.52912388628909', '126.96755329083031'),
       (2872, '5', '37.52987183790778', '126.9679941921756'),
       (2873, '6', '37.530052166005746', '126.96846928201268'),
       (2874, '3-1', '37.521683485690104', '126.97531670544521'),
       (2875, '2', '37.52219713464874', '126.9756898425061'),
       (2876, '3', '37.5218637332984', '126.97554289128622'),
       (2877, '4', '37.5223047803263', '126.9734839037'),
       (2878, '5', '37.52256604562847', '126.97337068756758'),
       (2879, '1', '37.48836560359563', '126.9825868997296'),
       (2880, '2', '37.4869510043623', '126.982474158128'),
       (2881, '13', '37.48695993787025', '126.9819653412209'),
       (2882, '14', '37.4883925560259', '126.982066761724'),
       (2883, '1', '37.46490410019283', '126.98919368788108'),
       (2884, '2', '37.4644084820897', '126.988538150465'),
       (2885, '3', '37.4643363518784', '126.988040803593'),
       (2886, '4', '37.4648769564986', '126.988018110146'),
       (2887, '1', '37.5071843205497', '127.032934852984'),
       (2888, '2', '37.5076887178162', '127.033523200897'),
       (2889, '3', '37.5078868550474', '127.033817353435'),
       (2890, '4', '37.50758938323708', '127.03430355381917'),
       (2891, '5', '37.5073190455955', '127.03442784083762'),
       (2892, '6', '37.5066613251994', '127.034382298922'),
       (2893, '7', '37.50686869364059', '127.03390737412435'),
       (2894, '8', '37.50699499210626', '127.03335324042757'),
       (2895, '1', '37.510271414991124', '127.0433192583865'),
       (2896, '2', '37.51060437061186', '127.04443919634481'),
       (2897, '3', '37.51032501242064', '127.04456344643228'),
       (2898, '4', '37.51000106800326', '127.04344351732026'),
       (2899, '1', '37.512952726853605', '127.05240347295069'),
       (2900, '2', '37.51337595648884', '127.05294669584839'),
       (2901, '3', '37.5134658889518', '127.053320022129'),
       (2902, '4', '37.5133214613908', '127.053908089851'),
       (2903, '5', '37.51268182604669', '127.05373796668663'),
       (2904, '6', '37.512627945260334', '127.05334204774859'),
       (2905, '7', '37.51269135532784', '127.05258426421705'),
       (2906, '1', '37.514219913379875', '127.05923626701804'),
       (2907, '2', '37.514553051165585', '127.05970028772485'),
       (2908, '3', '37.51482304765498', '127.06029999623206'),
       (2909, '4', '37.5145614024184', '127.060989766316'),
       (2910, '5', '37.51422800193983', '127.0610460505398'),
       (2911, '6', '37.513993828606914', '127.06087619372724'),
       (2912, '7', '37.51385020551246', '127.0598241494179'),
       (2913, '1', '37.5046516247621', '127.08761595616'),
       (2914, '2', '37.5043174003957', '127.088757836173'),
       (2915, '3', '37.5040291978469', '127.08859916106'),
       (2916, '4', '37.5043815160941', '127.087355519256'),
       (2917, '1', '37.5027253450815', '127.096762984974'),
       (2918, '2', '37.5027520224086', '127.097192775576'),
       (2919, '3', '37.502265489313864', '127.0971808356028'),
       (2920, '4', '37.502265860595', '127.096728464098'),
       (2921, '1', '37.5101633328199', '127.111849469479'),
       (2922, '2', '37.5106766041149', '127.112166931248'),
       (2923, '3', '37.51043293523052', '127.11258505624052'),
       (2924, '4', '37.5099556944055', '127.112278957068'),
       (2925, '1', '37.5162599337717', '127.115172810931'),
       (2926, '2', '37.51703341923952', '127.1165766289026'),
       (2927, '3', '37.515771927448', '127.116665157264'),
       (2928, '4', '37.5159167339233', '127.116009323954'),
       (2929, '1', '37.5195412950124', '127.138729237136'),
       (2930, '2', '37.5191001233156', '127.138456936317'),
       (2931, '1', '37.5278917925252', '127.14763684588'),
       (2932, '2', '37.5298274344823', '127.148839887054'),
       (2933, '3', '37.529043594234395', '127.14881570288175'),
       (2941, '1', '37.58033165202949', '127.04711842289251'),
       (2942, '2', '37.57981780802789', '127.04780868145659'),
       (2943, '3', '37.5795832679834', '127.048499111703'),
       (2944, '1', '37.54423857408982', '127.04495704156048'),
       (2945, '2', '37.54297728687842', '127.04466208248694'),
       (2946, '3', '37.542914293787156', '127.04445836698541'),
       (2947, '4', '37.54377927858492', '127.04439098720854'),
       (2948, '5', '37.5444639739757', '127.044561128309'),
       (2949, '1', '37.5281751594854', '127.041044340652'),
       (2950, '2', '37.527823686052834', '127.04128172444464'),
       (2951, '3', '37.52748127375143', '127.04137204061949'),
       (2952, '4', '37.52654456872434', '127.0403986081185'),
       (2953, '5', '37.52662574376122', '127.04014976634232'),
       (2954, '6', '37.52779704602672', '127.04015039411631'),
       (2955, '7', '37.52807630258118', '127.04030892857406'),
       (2956, '1', '37.49656310199823', '127.0531609925469'),
       (2957, '2', '37.496761026401984', '127.05381702424724'),
       (2958, '3', '37.49649965202864', '127.05399777161125'),
       (2959, '4', '37.49630169796278', '127.05340959211944'),
       (2960, '5', '37.49608576124758', '127.05273093610138'),
       (2961, '6', '37.49587881074786', '127.05209752358495'),
       (2962, '7', '37.49612219191647', '127.05184890837765'),
       (2963, '8', '37.496374148797045', '127.05258412948768'),
       (2964, '1', '37.48629780068293', '127.0591124513978'),
       (2965, '2', '37.4866669124927', '127.05971201060235'),
       (2966, '3', '37.486882855707805', '127.06030014558877'),
       (2967, '4', '37.486693592120865', '127.06040175605445'),
       (2968, '5', '37.48615354879051', '127.05929324770759'),
       (2969, '1', '37.48906949690204', '127.06557111078233'),
       (2970, '2', '37.4892586267369', '127.06571827153'),
       (2971, '3', '37.48935747873524', '127.06618195970886'),
       (2972, '4', '37.48927628660675', '127.06636280557005'),
       (2973, '5', '37.48906903589738', '127.06639654416105'),
       (2974, '6', '37.488834742236754', '127.06645287317228'),
       (2975, '7', '37.488699832048496', '127.06602307791952'),
       (2976, '8', '37.488934220091195', '127.06579713837304'),
       (2977, '1', '37.49142612629297', '127.07243692482054'),
       (2978, '2', '37.49178665359013', '127.07223373400272'),
       (2979, '3', '37.49193046064559', '127.0728105673843'),
       (2980, '4', '37.491678011218724', '127.0730817072502'),
       (2981, '5', '37.4912905573516', '127.073115252693'),
       (2982, '6', '37.490957079764314', '127.07328454158377'),
       (2983, '7', '37.4907771859812', '127.07278683278896'),
       (2984, '8', '37.49111967988472', '127.07260624319755');
/*!40000 ALTER TABLE `exits` ENABLE KEYS */;
UNLOCK
TABLES;

--
-- Table structure for table `facilities`
--

DROP TABLE IF EXISTS `facilities`;
/*!40101 SET @saved_cs_client     = @@character_set_client */;
/*!50503 SET character_set_client = utf8mb4 */;
CREATE TABLE `facilities`
(
    `station_id`                                 varchar(6) NOT NULL,
    `elevator`                                   tinyint(1) DEFAULT NULL,
    `wheelchair_lift`                            tinyint(1) DEFAULT NULL,
    `disabled_toilet`                            tinyint(1) DEFAULT NULL,
    `transit_parking_lot`                        tinyint(1) DEFAULT NULL,
    `unmanned_civil_application_issuing_machine` tinyint(1) DEFAULT NULL,
    `currency_exchange_kiosk`                    tinyint(1) DEFAULT NULL,
    `train_ticket_office`                        tinyint(1) DEFAULT NULL,
    `feeding_room`                               tinyint(1) DEFAULT NULL,
    PRIMARY KEY (`station_id`),
    CONSTRAINT `facilities_ibfk_1` FOREIGN KEY (`station_id`) REFERENCES `station` (`station_id`)
) ENGINE=InnoDB DEFAULT CHARSET=utf8mb4 COLLATE=utf8mb4_0900_ai_ci;
/*!40101 SET character_set_client = @saved_cs_client */;

--
-- Dumping data for table `facilities`
--

LOCK
TABLES `facilities` WRITE;
/*!40000 ALTER TABLE `facilities` DISABLE KEYS */;
INSERT INTO `facilities`
VALUES ('150', 1, 1, 1, 0, 0, 0, 0, 0),
       ('151', 1, 0, 1, 0, 0, 0, 0, 0),
       ('152', 1, 0, 1, 0, 1, 0, 0, 0),
       ('153', 1, 0, 1, 0, 0, 0, 0, 1),
       ('154', 1, 0, 1, 0, 0, 0, 0, 0),
       ('155', 1, 0, 1, 0, 0, 0, 0, 1),
       ('156', 1, 1, 1, 0, 0, 0, 0, 0),
       ('157', 1, 0, 1, 0, 0, 0, 0, 0),
       ('158', 1, 1, 0, 0, 0, 0, 1, 0),
       ('159', 1, 0, 1, 0, 0, 0, 0, 0),
       ('201', 1, 0, 1, 0, 0, 0, 0, 0),
       ('202', 1, 0, 1, 0, 0, 1, 0, 0),
       ('203', 1, 0, 1, 0, 0, 1, 0, 0),
       ('204', 1, 0, 1, 0, 0, 0, 0, 0),
       ('205', 1, 0, 1, 0, 0, 1, 0, 0),
       ('206', 1, 0, 1, 0, 0, 0, 0, 0),
       ('207', 1, 0, 1, 0, 0, 0, 0, 0),
       ('208', 1, 0, 1, 0, 0, 0, 0, 0),
       ('209', 1, 1, 1, 0, 0, 0, 0, 0),
       ('210', 1, 0, 1, 0, 0, 0, 0, 0),
       ('211', 1, 0, 1, 0, 0, 0, 0, 1),
       ('212', 1, 0, 1, 0, 1, 0, 0, 0),
       ('213', 1, 0, 1, 0, 1, 0, 0, 0),
       ('214', 1, 0, 1, 0, 0, 0, 0, 1),
       ('215', 1, 0, 1, 1, 0, 0, 0, 0),
       ('216', 1, 1, 1, 0, 0, 1, 0, 1),
       ('217', 1, 0, 1, 0, 0, 0, 0, 0),
       ('218', 1, 0, 1, 0, 0, 0, 0, 0),
       ('219', 1, 1, 1, 0, 1, 1, 0, 1),
       ('220', 1, 0, 1, 0, 1, 0, 0, 0),
       ('221', 1, 0, 1, 0, 1, 0, 0, 0),
       ('222', 1, 0, 1, 0, 1, 1, 0, 1),
       ('223', 1, 0, 1, 0, 0, 0, 0, 0),
       ('224', 1, 0, 1, 0, 0, 0, 0, 0),
       ('225', 1, 0, 1, 0, 0, 0, 0, 0),
       ('226', 1, 0, 1, 0, 0, 0, 0, 0),
       ('227', 1, 0, 1, 0, 1, 0, 0, 0),
       ('228', 1, 0, 0, 0, 1, 0, 0, 0),
       ('229', 1, 0, 1, 0, 1, 0, 0, 0),
       ('230', 1, 0, 1, 1, 1, 0, 0, 1),
       ('231', 1, 0, 1, 1, 0, 0, 0, 0),
       ('232', 1, 0, 1, 1, 0, 0, 0, 0),
       ('233', 1, 0, 1, 0, 0, 0, 0, 1),
       ('234', 1, 0, 1, 0, 0, 0, 0, 0),
       ('234-4', NULL, NULL, NULL, NULL, NULL, NULL, NULL, NULL),
       ('235', 1, 0, 1, 0, 0, 0, 0, 0),
       ('236', 1, 0, 1, 1, 0, 0, 0, 1),
       ('237', 1, 0, 1, 0, 1, 0, 0, 0),
       ('238', 1, 0, 1, 0, 1, 0, 0, 0),
       ('239', 1, 0, 1, 0, 0, 1, 0, 0),
       ('240', 1, 0, 1, 0, 1, 0, 0, 1),
       ('241', 1, 0, 1, 0, 0, 1, 0, 0),
       ('242', 1, 0, 1, 0, 0, 0, 0, 0),
       ('243', 1, 0, 1, 0, 1, 0, 0, 0),
       ('244', 0, 1, 1, 0, 0, 0, 0, 0),
       ('245', 1, 0, 1, 0, 0, 0, 0, 0),
       ('246', 1, 1, 0, 0, 0, 0, 0, 1),
       ('247', 1, 0, 1, 0, 0, 0, 0, 0),
       ('248', 1, 0, 1, 0, 0, 0, 0, 0),
       ('249', 1, 1, 1, 0, 0, 0, 0, 0),
       ('250', 1, 0, 1, 0, 0, 0, 0, 0),
       ('2511', 1, 0, 1, 1, 0, 0, 0, 0),
       ('2512', 1, 0, 1, 1, 0, 0, 0, 0),
       ('2513', 1, 0, 1, 0, 0, 1, 0, 1),
       ('2514', 1, 0, 1, 0, 0, 0, 0, 0),
       ('2515', 1, 0, 1, 0, 0, 0, 0, 0),
       ('2516', 1, 0, 1, 0, 0, 0, 0, 0),
       ('2517', 1, 0, 1, 0, 0, 0, 0, 1),
       ('2518', 1, 0, 1, 0, 1, 0, 0, 0),
       ('2519', 1, 1, 1, 0, 1, 0, 0, 1),
       ('2520', 1, 0, 1, 0, 0, 0, 0, 0),
       ('2521', 1, 0, 1, 0, 1, 0, 0, 1),
       ('2522', 1, 0, 1, 1, 1, 0, 0, 0),
       ('2523', 1, 0, 1, 0, 0, 0, 0, 0),
       ('2524', 1, 1, 1, 1, 0, 0, 0, 1),
       ('2525', 1, 0, 1, 0, 0, 0, 0, 0),
       ('2526', 1, 0, 1, 1, 0, 0, 0, 1),
       ('2527', 1, 0, 1, 0, 1, 0, 0, 1),
       ('2528', 1, 0, 1, 0, 0, 0, 0, 1),
       ('2529', 1, 0, 1, 0, 0, 0, 0, 0),
       ('2530', 1, 0, 1, 0, 1, 0, 0, 1),
       ('2531', 1, 0, 1, 0, 0, 0, 0, 0),
       ('2532', 1, 0, 1, 0, 0, 0, 0, 1),
       ('2533', 1, 1, 1, 0, 0, 0, 0, 0),
       ('2534', 1, 0, 1, 0, 0, 1, 0, 1),
       ('2535', 1, 1, 1, 0, 0, 0, 0, 0),
       ('2536', 1, 0, 1, 0, 0, 0, 0, 0),
       ('2537', 1, 1, 1, 0, 0, 0, 0, 1),
       ('2538', 1, 0, 0, 0, 0, 0, 0, 1),
       ('2539', 1, 0, 1, 0, 0, 0, 0, 0),
       ('2540', 1, 0, 1, 0, 0, 0, 0, 0),
       ('2541', 1, 0, 1, 0, 0, 0, 0, 1),
       ('2542', 1, 0, 1, 0, 0, 0, 0, 0),
       ('2543', 1, 1, 1, 0, 0, 0, 0, 1),
       ('2544', 1, 1, 1, 0, 0, 0, 0, 0),
       ('2545', 1, 0, 1, 0, 1, 0, 0, 1),
       ('2546', 1, 0, 1, 0, 1, 0, 0, 1),
       ('2547', 1, 1, 1, 0, 0, 0, 0, 0),
       ('2548', 1, 0, 1, 1, 1, 0, 0, 1),
       ('2549', 1, 1, 1, 1, 0, 0, 0, 1),
       ('2550', 1, 0, 1, 0, 1, 0, 0, 0),
       ('2551', 1, 0, 1, 0, 1, 0, 0, 0),
       ('2552', 1, 0, 1, 0, 1, 0, 0, 0),
       ('2553', 1, 0, 1, 0, 1, 0, 0, 1),
       ('2554', 1, 1, 1, 0, 1, 0, 0, 0),
       ('2555', 1, 0, 1, 0, 1, 0, 0, 0),
       ('2556', 1, 0, 1, 0, 0, 0, 0, 1),
       ('2557', 1, 0, 1, 0, 0, 0, 0, 0),
       ('2558', 1, 0, 1, 0, 1, 0, 0, 0),
       ('2559', 1, 0, 1, 0, 0, 0, 0, 0),
       ('2560', 1, 0, 1, 0, 1, 0, 0, 1),
       ('2561', 1, 0, 1, 0, 0, 0, 0, 0),
       ('2562', 1, 0, 0, 0, 0, 0, 0, 1),
       ('2611', 1, 0, 1, 0, 1, 0, 0, 1),
       ('2612', 1, 0, 1, 0, 0, 0, 0, 0),
       ('2613', 1, 1, 1, 0, 0, 0, 0, 1),
       ('2614', 1, 0, 1, 0, 0, 0, 0, 0),
       ('2615', 1, 0, 1, 0, 0, 0, 0, 0),
       ('2616', 1, 1, 1, 0, 0, 0, 0, 0),
       ('2617', 1, 1, 1, 0, 0, 0, 0, 0),
       ('2618', 1, 0, 1, 0, 0, 0, 0, 0),
       ('2619', 1, 1, 1, 0, 0, 0, 0, 0),
       ('2620', 1, 0, 1, 0, 0, 0, 0, 1),
       ('2621', 1, 1, 1, 0, 0, 0, 0, 0),
       ('2622', 1, 0, 1, 0, 0, 0, 0, 0),
       ('2623', 1, 1, 1, 0, 1, 0, 0, 1),
       ('2624', 1, 0, 1, 0, 0, 0, 0, 0),
       ('2625', 1, 1, 1, 0, 0, 0, 0, 0),
       ('2626', 1, 1, 1, 0, 0, 0, 0, 1),
       ('2627', 1, 1, 1, 0, 1, 0, 0, 1),
       ('2628', 1, 1, 1, 0, 0, 0, 0, 0),
       ('2629', 1, 1, 1, 0, 0, 0, 0, 1),
       ('2630', 1, 0, 1, 0, 0, 0, 0, 0),
       ('2631', 1, 0, 1, 0, 0, 1, 0, 1),
       ('2632', 1, 0, 1, 1, 0, 0, 0, 0),
       ('2633', 1, 0, 1, 0, 1, 0, 0, 0),
       ('2634', 1, 0, 1, 0, 0, 0, 0, 1),
       ('2635', 1, 0, 1, 0, 0, 0, 0, 1),
       ('2636', 1, 1, 1, 0, 0, 0, 0, 0),
       ('2637', 1, 1, 1, 0, 0, 0, 0, 1),
       ('2638', 1, 0, 1, 0, 0, 0, 0, 0),
       ('2639', 1, 0, 1, 0, 0, 0, 0, 0),
       ('2640', 1, 0, 1, 0, 0, 0, 0, 1),
       ('2641', 1, 0, 1, 0, 1, 0, 0, 0),
       ('2642', 1, 1, 1, 0, 0, 0, 0, 0),
       ('2643', 1, 1, 1, 0, 0, 0, 0, 1),
       ('2644', 1, 0, 1, 0, 0, 0, 0, 0),
       ('2645', 1, 1, 1, 1, 0, 0, 0, 0),
       ('2646', 1, 0, 1, 0, 0, 0, 0, 1),
       ('2647', 1, 0, 1, 1, 0, 0, 0, 0),
       ('2648', 1, 1, 1, 1, 0, 0, 0, 0),
       ('2649', 1, 0, 0, 0, 0, 0, 0, 0),
       ('2712', 1, 0, 1, 1, 0, 0, 0, 0),
       ('2713', 1, 1, 1, 1, 0, 0, 0, 1),
       ('2714', 1, 1, 1, 0, 0, 0, 0, 0),
       ('2715', 1, 0, 1, 0, 0, 0, 0, 1),
       ('2716', 1, 0, 1, 0, 0, 0, 0, 0),
       ('2717', 1, 0, 1, 0, 0, 0, 0, 1),
       ('2718', 1, 0, 1, 0, 0, 0, 0, 0),
       ('2719', 1, 0, 1, 0, 0, 0, 0, 1),
       ('2720', 1, 0, 1, 0, 0, 0, 0, 0),
       ('2721', 1, 0, 1, 0, 1, 0, 0, 0),
       ('2722', 1, 0, 1, 0, 0, 0, 0, 0),
       ('2723', 1, 0, 1, 0, 0, 0, 0, 0),
       ('2724', 1, 0, 1, 0, 0, 0, 0, 0),
       ('2725', 1, 0, 1, 0, 0, 0, 0, 0),
       ('2726', 1, 0, 1, 0, 1, 0, 0, 0),
       ('2727', 1, 0, 0, 0, 1, 0, 0, 1),
       ('2728', 1, 0, 1, 0, 0, 0, 0, 1),
       ('2729', 1, 1, 1, 0, 0, 0, 0, 0),
       ('2730', 1, 0, 1, 1, 0, 0, 0, 1),
       ('2731', 1, 1, 1, 0, 0, 0, 0, 0),
       ('2732', 1, 0, 1, 0, 0, 0, 0, 0),
       ('2733', 1, 0, 1, 0, 0, 0, 0, 0),
       ('2734', 1, 1, 1, 0, 0, 0, 0, 1),
       ('2735', 1, 1, 1, 0, 0, 0, 0, 0),
       ('2736', 1, 1, 1, 0, 0, 1, 0, 1),
       ('2737', 1, 0, 1, 0, 0, 0, 0, 0),
       ('2738', 1, 1, 1, 0, 0, 0, 0, 1),
       ('2739', 1, 0, 1, 0, 0, 0, 0, 0),
       ('2740', 1, 0, 1, 0, 1, 0, 0, 0),
       ('2741', 1, 0, 1, 0, 0, 0, 0, 0),
       ('2742', 1, 0, 1, 0, 0, 0, 0, 0),
       ('2743', 1, 0, 1, 0, 0, 0, 0, 0),
       ('2744', 1, 0, 1, 0, 0, 0, 0, 0),
       ('2745', 1, 0, 1, 0, 0, 0, 0, 0),
       ('2746', 1, 1, 1, 1, 0, 1, 0, 1),
       ('2747', 0, 1, 1, 0, 0, 0, 0, 0),
       ('2748', 1, 1, 1, 0, 0, 0, 0, 1),
       ('2751', 1, 0, 1, 1, 1, 0, 0, 0),
       ('2752', 1, 1, 1, 1, 1, 0, 0, 1),
       ('2811', 1, 0, 1, 0, 1, 0, 0, 0),
       ('2812', 1, 0, 0, 1, 1, 0, 0, 1),
       ('2813', 1, 0, 1, 0, 0, 0, 0, 0),
       ('2814', 1, 0, 1, 0, 0, 0, 0, 1),
       ('2815', 1, 1, 1, 1, 0, 0, 0, 1),
       ('2816', 1, 0, 1, 0, 0, 0, 0, 0),
       ('2817', 1, 0, 0, 0, 0, 0, 0, 0),
       ('2818', 1, 0, 1, 0, 0, 0, 0, 1),
       ('2819', 1, 0, 1, 0, 0, 0, 0, 0),
       ('2820', 1, 0, 1, 0, 1, 0, 0, 1),
       ('2821', 1, 1, 1, 1, 0, 0, 0, 0),
       ('310', 1, 0, 1, 1, 1, 0, 0, 1),
       ('311', 1, 0, 0, 0, 1, 0, 0, 0),
       ('312', 1, 0, 1, 0, 1, 0, 0, 0),
       ('313', 1, 0, 1, 0, 0, 0, 0, 0),
       ('314', 1, 0, 0, 0, 1, 0, 0, 0),
       ('315', 1, 0, 1, 0, 0, 0, 0, 0),
       ('316', 1, 0, 1, 0, 0, 0, 0, 1),
       ('317', 1, 0, 1, 0, 0, 1, 0, 0),
       ('318', 1, 0, 1, 0, 0, 1, 0, 0),
       ('319', 1, 0, 1, 0, 0, 0, 0, 1),
       ('320', 1, 0, 1, 0, 0, 0, 0, 0),
       ('321', 0, 0, 0, 0, 0, 0, 0, 0),
       ('322', 1, 0, 1, 0, 0, 0, 0, 0),
       ('323', 1, 0, 1, 0, 0, 0, 0, 0),
       ('324', 1, 0, 1, 0, 1, 0, 0, 0),
       ('325', 1, 0, 1, 0, 1, 0, 0, 1),
       ('326', 1, 0, 1, 0, 1, 1, 0, 0),
       ('327', 1, 0, 1, 0, 1, 1, 0, 0),
       ('328', 1, 0, 1, 0, 0, 0, 0, 0),
       ('329', 1, 1, 0, 0, 0, 0, 0, 1),
       ('330', 1, 1, 0, 0, 0, 0, 0, 0),
       ('331', 1, 0, 1, 0, 0, 0, 0, 0),
       ('332', 1, 0, 1, 1, 0, 0, 0, 1),
       ('333', 1, 0, 1, 0, 0, 0, 0, 0),
       ('334', 0, 0, 1, 0, 0, 0, 0, 1),
       ('335', 1, 0, 1, 0, 0, 0, 0, 0),
       ('336', 1, 0, 1, 1, 0, 0, 0, 0),
       ('337', 1, 0, 1, 1, 0, 0, 0, 0),
       ('338', 1, 0, 1, 1, 0, 0, 0, 0),
       ('339', 1, 0, 1, 1, 0, 0, 1, 0),
       ('340', 1, 0, 1, 0, 0, 0, 0, 0),
       ('341', 1, 0, 1, 0, 0, 0, 0, 0),
       ('342', 1, 0, 1, 0, 1, 0, 0, 0),
       ('409', 1, 0, 1, 1, 0, 0, 0, 0),
       ('410', 1, 1, 1, 0, 0, 0, 0, 0),
       ('411', 1, 0, 1, 0, 0, 0, 0, 1),
       ('412', 1, 1, 1, 1, 1, 0, 0, 0),
       ('413', 1, 0, 1, 0, 1, 0, 0, 0),
       ('414', 1, 0, 1, 0, 1, 0, 0, 0),
       ('415', 1, 0, 1, 0, 1, 0, 0, 0),
       ('416', 1, 0, 1, 0, 1, 0, 0, 1),
       ('417', 1, 0, 1, 1, 0, 0, 0, 1),
       ('418', 1, 0, 1, 0, 0, 0, 0, 0),
       ('419', 1, 0, 1, 0, 0, 0, 0, 0),
       ('420', 1, 0, 0, 0, 1, 0, 0, 0),
       ('421', 1, 0, 1, 0, 0, 1, 0, 0),
       ('422', 1, 0, 1, 0, 0, 0, 0, 1),
       ('423', 1, 1, 1, 0, 0, 1, 0, 0),
       ('424', 1, 0, 1, 0, 0, 1, 0, 0),
       ('425', 1, 0, 1, 0, 0, 1, 0, 0),
       ('426', 1, 1, 1, 0, 0, 1, 0, 1),
       ('427', 1, 0, 1, 0, 0, 0, 0, 0),
       ('428', 1, 0, 1, 0, 0, 0, 0, 0),
       ('429', 1, 0, 1, 0, 0, 0, 0, 0),
       ('430', 1, 0, 1, 0, 0, 0, 0, 1),
       ('431', 1, 0, 1, 1, 0, 0, 0, 0),
       ('432', 1, 0, 1, 0, 0, 0, 0, 0),
       ('433', 1, 1, 1, 0, 0, 0, 0, 1),
       ('434', 1, 0, 1, 0, 0, 0, 0, 0),
       ('901', NULL, NULL, 0, NULL, NULL, NULL, NULL, NULL),
       ('902', NULL, NULL, 0, NULL, NULL, NULL, NULL, NULL),
       ('903', NULL, NULL, 0, NULL, NULL, NULL, NULL, NULL),
       ('904', NULL, NULL, 0, NULL, NULL, NULL, NULL, NULL),
       ('905', NULL, NULL, 0, NULL, NULL, NULL, NULL, NULL),
       ('906', NULL, NULL, 0, NULL, NULL, NULL, NULL, NULL),
       ('907', NULL, NULL, 0, NULL, NULL, NULL, NULL, NULL),
       ('908', NULL, NULL, 0, NULL, NULL, NULL, NULL, NULL),
       ('909', NULL, NULL, 0, NULL, NULL, NULL, NULL, NULL),
       ('910', NULL, NULL, 0, NULL, NULL, NULL, NULL, NULL),
       ('911', NULL, NULL, 0, NULL, NULL, NULL, NULL, NULL),
       ('912', NULL, NULL, 0, NULL, NULL, NULL, NULL, NULL),
       ('913', NULL, NULL, 0, NULL, NULL, NULL, NULL, NULL),
       ('914', NULL, NULL, 0, NULL, NULL, NULL, NULL, NULL),
       ('915', NULL, NULL, 0, NULL, NULL, NULL, NULL, NULL),
       ('916', NULL, NULL, 0, NULL, NULL, NULL, NULL, NULL),
       ('917', NULL, NULL, 0, NULL, NULL, NULL, NULL, NULL),
       ('918', NULL, NULL, 0, NULL, NULL, NULL, NULL, NULL),
       ('919', NULL, NULL, 0, NULL, NULL, NULL, NULL, NULL),
       ('920', NULL, NULL, 0, NULL, NULL, NULL, NULL, NULL),
       ('921', NULL, NULL, 0, NULL, NULL, NULL, NULL, NULL),
       ('922', NULL, NULL, 0, NULL, NULL, NULL, NULL, NULL),
       ('923', NULL, NULL, 0, NULL, NULL, NULL, NULL, NULL),
       ('924', NULL, NULL, 0, NULL, NULL, NULL, NULL, NULL),
       ('925', NULL, NULL, 0, NULL, NULL, NULL, NULL, NULL),
       ('926', NULL, NULL, 1, NULL, NULL, NULL, NULL, NULL),
       ('927', NULL, NULL, 1, NULL, NULL, NULL, NULL, NULL),
       ('928', NULL, NULL, 1, NULL, NULL, NULL, NULL, NULL),
       ('929', NULL, NULL, 1, NULL, NULL, NULL, NULL, NULL),
       ('930', NULL, NULL, 1, NULL, NULL, NULL, NULL, NULL),
       ('931', NULL, NULL, 1, NULL, NULL, NULL, NULL, NULL),
       ('932', NULL, NULL, 1, NULL, NULL, NULL, NULL, NULL),
       ('933', NULL, NULL, 1, NULL, NULL, NULL, NULL, NULL),
       ('934', NULL, NULL, 1, NULL, NULL, NULL, NULL, NULL),
       ('935', NULL, NULL, 1, NULL, NULL, NULL, NULL, NULL),
       ('936', NULL, NULL, 1, NULL, NULL, NULL, NULL, NULL),
       ('937', NULL, NULL, 1, NULL, NULL, NULL, NULL, NULL),
       ('938', NULL, NULL, 1, NULL, NULL, NULL, NULL, NULL),
       ('K209', NULL, NULL, 0, NULL, NULL, NULL, NULL, NULL),
       ('k210', NULL, NULL, 0, NULL, NULL, NULL, NULL, NULL),
       ('k211', NULL, NULL, NULL, NULL, NULL, NULL, NULL, NULL),
       ('K212', NULL, NULL, NULL, NULL, NULL, NULL, NULL, NULL),
       ('k213', NULL, NULL, 1, NULL, NULL, NULL, NULL, NULL),
       ('K214', NULL, NULL, 1, NULL, NULL, NULL, NULL, NULL),
       ('K215', NULL, NULL, 1, NULL, NULL, NULL, NULL, NULL),
       ('k216', NULL, NULL, NULL, NULL, NULL, NULL, NULL, NULL),
       ('k217', NULL, NULL, 1, NULL, NULL, NULL, NULL, NULL),
       ('k218', NULL, NULL, NULL, NULL, NULL, NULL, NULL, NULL),
       ('K219', NULL, NULL, NULL, NULL, NULL, NULL, NULL, NULL),
       ('k220', NULL, NULL, NULL, NULL, NULL, NULL, NULL, NULL),
       ('k221', NULL, NULL, 1, NULL, NULL, NULL, NULL, NULL),
       ('K222', NULL, NULL, 0, NULL, NULL, NULL, NULL, NULL);
/*!40000 ALTER TABLE `facilities` ENABLE KEYS */;
UNLOCK
TABLES;

--
-- Table structure for table `station`
--

DROP TABLE IF EXISTS `station`;
/*!40101 SET @saved_cs_client     = @@character_set_client */;
/*!50503 SET character_set_client = utf8mb4 */;
CREATE TABLE `station`
(
    `station_id`            varchar(6)  NOT NULL,
    `station_name`          varchar(10) NOT NULL,
    `latitude`              varchar(20) NOT NULL,
    `longitude`             varchar(20) NOT NULL,
    `line_id`               varchar(3)  NOT NULL,
    `station_status`        varchar(20)  DEFAULT NULL,
    `operating_institution` varchar(10) NOT NULL,
    `station_address`       varchar(50) NOT NULL,
    `station_contact`       varchar(15)  DEFAULT NULL,
    `station_image_url`     varchar(100) DEFAULT NULL,
    `foreign_id`            varchar(6)   DEFAULT NULL,
    `next_station`          varchar(6)   DEFAULT NULL,
    `previous_station`      varchar(6)   DEFAULT NULL,
    `branch_station`        varchar(6)   DEFAULT NULL,
    PRIMARY KEY (`station_id`),
    UNIQUE KEY `latitude` (`latitude`,`longitude`),
    KEY                     `station_subway_line_line_id_fk` (`line_id`),
    KEY                     `station_station_station_id_fk` (`next_station`),
    KEY                     `station_station_station_id_fk2` (`previous_station`),
    KEY                     `station_station_station_id_fk3` (`branch_station`),
    CONSTRAINT `station_station_station_id_fk` FOREIGN KEY (`next_station`) REFERENCES `station` (`station_id`) ON UPDATE CASCADE,
    CONSTRAINT `station_station_station_id_fk2` FOREIGN KEY (`previous_station`) REFERENCES `station` (`station_id`) ON UPDATE CASCADE,
    CONSTRAINT `station_station_station_id_fk3` FOREIGN KEY (`branch_station`) REFERENCES `station` (`station_id`) ON UPDATE CASCADE,
    CONSTRAINT `station_subway_line_line_id_fk` FOREIGN KEY (`line_id`) REFERENCES `subway_line` (`line_id`)
) ENGINE=InnoDB DEFAULT CHARSET=utf8mb4 COLLATE=utf8mb4_0900_ai_ci;
/*!40101 SET character_set_client = @saved_cs_client */;

--
-- Dumping data for table `station`
--

LOCK
TABLES `station` WRITE;
/*!40000 ALTER TABLE `station` DISABLE KEYS */;
INSERT INTO `station`
VALUES ('0114', '도봉', '37.6792119046658', '127.045534886672', '1', 'AVAILABLE', 'KR', '서울 도봉구 도봉동 639', NULL, NULL,
        NULL, '115', '113', NULL),
       ('0116', '창동', '37.6533385121404', '127.047644999036', '1', 'AVAILABLE', 'KR', '서울 도봉구 창동 135-1', NULL, NULL,
        NULL, '117', '115', NULL),
       ('0118', '월계', '37.6332775453974', '127.058857087601', '1', 'AVAILABLE', 'KR', '서울 노원구 월계동 263-7', NULL, NULL,
        NULL, '199', '117', NULL),
       ('0122', '외대앞', '37.596274142656114', '127.06369251145765', '1', 'AVAILABLE', 'KR', '서울 동대문구 이문동 360-5', NULL,
        NULL, NULL, '123', '121', NULL),
       ('0137', '대방', '37.51335413975466', '126.92649449142719', '1', 'AVAILABLE', 'KR', '서울 영등포구 신길동 1368-3', NULL,
        NULL, NULL, '0138', '136', NULL),
       ('0138', '신길', '37.51678703217714', '126.91836721069228', '1', 'AVAILABLE', 'KR', '서울 영등포구 신길동 41-1', NULL, NULL,
        NULL, '139', '0137', NULL),
       ('0142', '구일', '37.496254517687', '126.86969110539', '1', 'AVAILABLE', 'KR', '서울 구로구 구로동 636-45', NULL, NULL,
        NULL, '143', 'P141', NULL),
       ('0145', '온수', '37.4923999909922', '126.823828819915', '1', 'AVAILABLE', 'KR', '서울 구로구 온수동 51-7', NULL, NULL,
        NULL, NULL, '144', NULL),
       ('0312', '공덕', '37.5424735099283', '126.95271984059', 'K4', 'SOME_AVAILABLE', 'KR', '서울 마포구 도화동 25-13', NULL,
        NULL, 'K312', 'K311', 'K313', NULL),
       ('0399', '양원', '37.6066060557557', '127.107946139148', 'K4', 'AVAILABLE', 'KR', '서울 중랑구 망우동 269-5', NULL, NULL,
        'K122', NULL, '188', NULL),
       ('113', '도봉산', '37.68951167833238', '127.04606271663916', '1', 'AVAILABLE', 'KR', '서울 도봉구 도봉동 301-5', NULL, NULL,
        NULL, '0114', NULL, NULL),
       ('115', '방학', '37.6674383662755', '127.044321721307', '1', 'AVAILABLE', 'KR', '서울 도봉구 방학동 728', NULL, NULL, NULL,
        '0116', '0114', NULL),
       ('117', '녹천', '37.644633445567656', '127.05138201885734', '1', 'AVAILABLE', 'KR', '서울 도봉구 창동 57-11', NULL, NULL,
        NULL, '0118', '0116', NULL),
       ('120', '석계', '37.61500552731744', '127.06568946412851', '1', 'AVAILABLE', 'KR', '서울 노원구 월계동 36-4', NULL, NULL,
        NULL, '121', '199', NULL),
       ('121', '신이문', '37.6017816437084', '127.067398003775', '1', 'AVAILABLE', 'KR', '서울 동대문구 이문동 7', NULL, NULL, NULL,
        '0122', '120', NULL),
       ('123', '회기', '37.5897962196601', '127.058048369273', '1', 'AVAILABLE', 'KR', '서울 동대문구 휘경동 317-101', NULL, NULL,
        NULL, '158', '0122', NULL),
       ('134', '남영', '37.540566672483216', '126.97133096608212', '1', 'AVAILABLE', 'KR', '서울 용산구 갈월동 96-1', NULL, NULL,
        NULL, '135', '150', NULL),
       ('135', '용산', '37.52977356999725', '126.96462961258051', '1', 'AVAILABLE', 'KR', '서울 용산구 한강로3가 40-999', NULL,
        NULL, NULL, '136', '134', NULL),
       ('136', '노량진', '37.5140547961008', '126.942109882124', '1', 'AVAILABLE', 'KR', '서울 동작구 노량진동 67-2', NULL, NULL,
        NULL, '0137', '135', NULL),
       ('139', '영등포', '37.5156726288261', '126.907550274975', '1', 'AVAILABLE', 'KR', '서울 영등포구 영등포동 618-496', NULL,
        NULL, NULL, '140', '0138', NULL),
       ('140', '신도림', '37.508908482648', '126.891312500851', '1', 'AVAILABLE', 'KR', '서울 구로구 신도림동 460-26', NULL, NULL,
        NULL, 'P141', '139', NULL),
       ('143', '개봉', '37.4946417150651', '126.858715959622', '1', 'AVAILABLE', 'KR', '서울 구로구 개봉동 415', NULL, NULL, NULL,
        '144', '0142', NULL),
       ('144', '오류동', '37.49439720933549', '126.84480744815397', '1', 'AVAILABLE', 'KR', '서울 구로구 오류동 66', NULL, NULL,
        NULL, '0145', '143', NULL),
       ('150', '서울역', '37.55597933890212', '126.97209238331357', '1', 'SOME_AVAILABLE', 'S1', '서울 중구 남대문로5가 73-6',
        '02-6110-1331', 'http://data.seoul.go.kr/contents/stn_img/image_1_10.gif', '133', '134', '151', NULL),
       ('151', '시청', '37.56534539636417', '126.97719821079865', '1', 'SOME_AVAILABLE', 'S1', '서울 중구 정동 5-5',
        '02-6110-1321', 'http://data.seoul.go.kr/contents/stn_img/image_1_9.jpg', '132', '150', '152', NULL),
       ('152', '종각', '37.570227990912244', '126.98315081716676', '1', 'AVAILABLE', 'S1', '서울 종로구 종로1가 54',
        '02-6110-1311', 'http://data.seoul.go.kr/contents/stn_img/image_1_8.jpg', '131', '151', '153', NULL),
       ('153', '종로3가', '37.570420844523', '126.992153252476', '1', 'AVAILABLE', 'S1', '서울 종로구 종로3가 10-5',
        '02-6110-1301', 'http://data.seoul.go.kr/contents/stn_img/image_1_7.jpg', '130', '152', '154', NULL),
       ('154', '종로5가', '37.57097610838373', '127.00153834521934', '1', 'AVAILABLE', 'S1', '서울 종로구 종로5가 82-1',
        '02-6110-1291', 'http://data.seoul.go.kr/contents/stn_img/image_1_6.png', '129', '153', '155', NULL),
       ('155', '동대문', '37.571669405802616', '127.01063381083677', '1', 'AVAILABLE', 'S1', '서울 종로구 창신동 492-1',
        '02-6110-1281', 'http://data.seoul.go.kr/contents/stn_img/image_1_3.png', '128', '154', '159', NULL),
       ('156', '신설동', '37.5760299683175', '127.024456700382', '1', 'SOME_AVAILABLE', 'S1', '서울 동대문구 신설동 76-5',
        '02-6110-1261', 'http://data.seoul.go.kr/contents/stn_img/image_1_5.png', '126', '159', '157', NULL),
       ('157', '제기동', '37.57817349658033', '127.03494949507864', '1', 'AVAILABLE', 'S1', '서울 동대문구 제기동 65',
        '02-6110-1251', 'http://data.seoul.go.kr/contents/stn_img/image_1_2.jpg', '125', '156', '158', NULL),
       ('158', '청량리', '37.580037056302906', '127.04472723023305', '1', 'SOME_AVAILABLE', 'S1', '서울 동대문구 전농동 620-69',
        '02-6110-1241', 'http://data.seoul.go.kr/contents/stn_img/image_1_1.gif', '124', '157', '123', NULL),
       ('159', '동묘앞', '37.5732166600283', '127.016364227103', '1', 'AVAILABLE', 'S1', '서울 종로구 숭인동 117', '02-6110-1271',
        'http://data.seoul.go.kr/contents/stn_img/image_1_4.jpg', '127', '155', '156', NULL),
       ('188', '망우', '37.5992960295399', '127.092367383432', 'K4', 'AVAILABLE', 'KR', '서울 중랑구 상봉동 172', NULL, NULL,
        'K121', '0399', 'k120', NULL),
       ('199', '광운대', '37.6238373628149', '127.061695160651', '1', 'AVAILABLE', 'KR', '서울 노원구 월계동 85', NULL, NULL, NULL,
        '120', '0118', NULL),
       ('201', '시청', '37.56368183746611', '126.97559827045151', '2', 'SOME_AVAILABLE', 'S1', '서울 중구 서소문동 90-1',
        '02-6110-2011', 'http://data.seoul.go.kr/contents/stn_img/image_2_1.jpg', '201', '202', '243', NULL),
       ('202', '을지로입구', '37.566035517712955', '126.9821953112953', '2', 'SOME_AVAILABLE', 'S1', '서울 중구 을지로1가 100-1',
        '02-6110-2021', 'http://data.seoul.go.kr/contents/stn_img/image_2_2.gif', '202', '203', '201', NULL),
       ('203', '을지로3가', '37.56629149790628', '126.99098443539428', '2', 'SOME_AVAILABLE', 'S1', '서울 중구 을지로3가 347-3',
        '02-6110-2031', 'http://data.seoul.go.kr/contents/stn_img/image_2_3.gif', '203', '204', '202', NULL),
       ('204', '을지로4가', '37.5666405038268', '126.997632059113', '2', 'SOME_AVAILABLE', 'S1', '서울 중구 을지로4가 267-1',
        '02-6110-2041', 'http://data.seoul.go.kr/contents/stn_img/image_2_4.gif', '204', '205', '203', NULL),
       ('205', '동대문역사문화공원', '37.56566440553802', '127.00900417014896', '2', 'UNAVAILABLE', 'S1', '서울 중구 을지로7가 112-3',
        '02-6110-2051', 'http://data.seoul.go.kr/contents/stn_img/image_2_5.jpg', '205', '206', '204', NULL),
       ('206', '신당', '37.5656730531732', '127.019477533278', '2', 'AVAILABLE', 'S1', '서울 중구 신당동 99', '02-6110-2061',
        'http://data.seoul.go.kr/contents/stn_img/image_2_6.jpg', '206', '207', '205', NULL),
       ('207', '상왕십리', '37.56443666620397', '127.02927241035283', '2', 'SOME_AVAILABLE', 'S1', '서울 성동구 하왕십리동 946-14',
        '02-6110-2071', 'http://data.seoul.go.kr/contents/stn_img/image_2_7.jpg', '207', '208', '206', NULL),
       ('208', '왕십리', '37.561268363317176', '127.03710337610202', '2', 'SOME_AVAILABLE', 'S1', '서울 성동구 행당동 192',
        '02-6110-2081', 'http://data.seoul.go.kr/contents/stn_img/image_2_8.jpg', '208', '209', '207', NULL),
       ('209', '한양대', '37.5557159860408', '127.043639802768', '2', 'AVAILABLE', 'S1', '서울 성동구 행당동 산 17', '02-6110-2091',
        'http://data.seoul.go.kr/contents/stn_img/image_2_9.jpg', '209', '210', '208', NULL),
       ('210', '뚝섬', '37.547241554679', '127.04738727881', '2', 'AVAILABLE', 'S1', '서울 성동구 성수동1가 656-745',
        '02-6110-2101', 'http://data.seoul.go.kr/contents/stn_img/image_2_10.jpg', '210', '211', '209', NULL),
       ('211', '성수', '37.5445888153751', '127.056066999327', '2', 'AVAILABLE', 'S1', '서울 성동구 성수동2가 300-1',
        '02-6110-2111', 'http://data.seoul.go.kr/contents/stn_img/image_2_15.gif', '211', '212', '210', '244'),
       ('212', '건대입구', '37.54040751726388', '127.06920291650829', '2', 'SOME_AVAILABLE', 'S1', '서울 광진구 화양동 7-3',
        '02-6110-2121', 'http://data.seoul.go.kr/contents/stn_img/image_2_16.gif', '212', '213', '211', NULL),
       ('213', '구의', '37.5371752725594', '127.086180837795', '2', 'AVAILABLE', 'S1', '서울 광진구 구의동 245-24',
        '02-6110-2131', 'http://data.seoul.go.kr/contents/stn_img/image_2_17.gif', '213', '214', '212', NULL),
       ('214', '강변', '37.5351180385975', '127.094741101863', '2', 'AVAILABLE', 'S1', '서울 광진구 구의동 546-6', '02-6110-2141',
        'http://data.seoul.go.kr/contents/stn_img/image_2_18.jpg', '214', '215', '213', NULL),
       ('215', '잠실나루', '37.5207124124456', '127.103808749487', '2', 'AVAILABLE', 'S1', '서울 송파구 신천동 15', '02-6110-2151',
        'http://data.seoul.go.kr/contents/stn_img/image_2_19.jpg', '215', '216', '214', NULL),
       ('216', '잠실', '37.51331105877401', '127.10023101886318', '2', 'SOME_AVAILABLE', 'S1', '서울 송파구 신천동 8',
        '02-6110-2161', 'http://data.seoul.go.kr/contents/stn_img/image_2_20.jpg', '216', '217', '215', NULL),
       ('217', '잠실새내', '37.5116263587296', '127.086314327913', '2', 'SOME_AVAILABLE', 'S1', '서울 송파구 잠실동 33',
        '02-6110-2171', 'http://data.seoul.go.kr/contents/stn_img/image_2_21.png', '217', '218', '216', NULL),
       ('218', '종합운동장', '37.5111446632705', '127.073849447402', '2', 'SOME_AVAILABLE', 'S1', '서울 송파구 잠실동 122',
        '02-6110-2181', 'http://data.seoul.go.kr/contents/stn_img/image_2_22.jpg', '218', '219', '217', NULL),
       ('219', '삼성', '37.508822740225305', '127.06302321147605', '2', 'AVAILABLE', 'S1', '서울 강남구 삼성동 172-66',
        '02-6110-2191', 'http://data.seoul.go.kr/contents/stn_img/image_2_23.gif', '219', '220', '218', NULL),
       ('220', '선릉', '37.504497373023206', '127.04896282498558', '2', 'SOME_AVAILABLE', 'S1', '서울 강남구 삼성동 172-66',
        '02-6110-2201', 'http://data.seoul.go.kr/contents/stn_img/image_2_24.gif', '220', '221', '219', NULL),
       ('221', '역삼', '37.5006744185994', '127.03646946847', '2', 'SOME_AVAILABLE', 'S1', '서울 강남구 역삼동 804',
        '02-6110-2211', 'http://data.seoul.go.kr/contents/stn_img/image_2_25.gif', '221', '222', '220', NULL),
       ('222', '강남', '37.49808633653005', '127.02800140627488', '2', 'SOME_AVAILABLE', 'S1', '서울 강남구 역삼동 858',
        '02-6110-2221', 'http://data.seoul.go.kr/contents/stn_img/image_2_26.gif', '222', '223', '221', NULL),
       ('223', '교대', '37.4938999991414', '127.014383829781', '2', 'SOME_AVAILABLE', 'S1', '서울 서초구 서초동 1748-4',
        '02-6110-2231', 'http://data.seoul.go.kr/contents/stn_img/image_2_27.gif', '223', '224', '222', NULL),
       ('224', '서초', '37.4918499338918', '127.007662120039', '2', 'SOME_AVAILABLE', 'S1', '서울 서초구 서초동 1748-5',
        '02-6110-2241', 'http://data.seoul.go.kr/contents/stn_img/image_2_28.jpg', '224', '225', '223', NULL),
       ('225', '방배', '37.4814561268152', '126.997553345516', '2', 'AVAILABLE', 'S1', '서울 서초구 방배동 912-14',
        '02-6110-2251', 'http://data.seoul.go.kr/contents/stn_img/image_2_29.jpg', '225', '226', '224', NULL),
       ('226', '사당', '37.47656223234824', '126.98155858357366', '2', 'UNAVAILABLE', 'S1', '서울 동작구 사당동 1129',
        '02-6110-2261', 'http://data.seoul.go.kr/contents/stn_img/image_2_30.jpg', '226', '227', '225', NULL),
       ('227', '낙성대', '37.4770932409965', '126.963523905001', '2', 'UNAVAILABLE', 'S1', '서울 관악구 봉천동 1693-39',
        '02-6110-2271', 'http://data.seoul.go.kr/contents/stn_img/image_2_31.jpg', '227', '228', '226', NULL),
       ('228', '서울대입구', '37.4812845080678', '126.952713197762', '2', 'AVAILABLE', 'S1', '서울 관악구 봉천동 979-2',
        '02-6110-2281', 'http://data.seoul.go.kr/contents/stn_img/image_2_32.gif', '228', '229', '227', NULL),
       ('229', '봉천', '37.4824725161034', '126.941686527151', '2', 'UNAVAILABLE', 'S1', '서울 관악구 봉천동 979-7',
        '02-6110-2291', 'http://data.seoul.go.kr/contents/stn_img/image_2_33.jpg', '229', '230', '228', NULL),
       ('230', '신림', '37.484267135140364', '126.9297453749671', '2', 'SOME_AVAILABLE', 'S1', '서울 관악구 신림동 1467-10',
        '02-6110-2301', 'http://data.seoul.go.kr/contents/stn_img/image_2_34.jpg', '230', '231', '229', NULL),
       ('231', '신대방', '37.48765046104574', '126.91350747615147', '2', 'UNAVAILABLE', 'S1', '서울 동작구 신대방동 643-1',
        '02-6110-2311', 'http://data.seoul.go.kr/contents/stn_img/image_2_35.jpg', '231', '232', '230', NULL),
       ('232', '구로디지털단지', '37.4852605752505', '126.901473080039', '2', 'SOME_AVAILABLE', 'S1', '서울 구로구 구로동 810-3',
        '02-6110-2321', 'http://data.seoul.go.kr/contents/stn_img/image_2_36.jpg', '232', '233', '231', NULL),
       ('233', '대림', '37.4933099444417', '126.894931036051', '2', 'SOME_AVAILABLE', 'S1', '서울 구로구 구로동 1204',
        '02-6110-2331', 'http://data.seoul.go.kr/contents/stn_img/image_2_37.jpg', '233', '234', '232', NULL),
       ('234', '신도림', '37.508222191535346', '126.89161095407636', '2', 'AVAILABLE', 'S1', '서울 구로구 신도림동 460-26',
        '02-6110-2341', 'http://data.seoul.go.kr/contents/stn_img/image_2_38.jpg', '234', '235', '233', '247'),
       ('234-4', '까치산', '37.5314060103327', '126.846948282657', '2', 'AVAILABLE', 'S1', '서울 강서구 화곡동 662-5',
        '02-6311-5181', NULL, '234-4', NULL, '249', NULL),
       ('235', '문래', '37.5179757181801', '126.894778820701', '2', 'AVAILABLE', 'S1', '서울 영등포구 문래동3가 68-1',
        '02-6110-2351', 'http://data.seoul.go.kr/contents/stn_img/image_2_42.jpg', '235', '236', '234', NULL),
       ('236', '영등포구청', '37.5258305311402', '126.89667739939', '2', 'AVAILABLE', 'S1', '서울 영등포구 당산동3가 270-1',
        '02-6110-2361', 'http://data.seoul.go.kr/contents/stn_img/image_2_43.gif', '236', '237', '235', NULL),
       ('237', '당산', '37.5347843171332', '126.902611795523', '2', 'SOME_AVAILABLE', 'S1', '서울 영등포구 당산동6가 323-1',
        '02-6110-2371', 'http://data.seoul.go.kr/contents/stn_img/image_2_44.jpg', '237', '238', '236', NULL),
       ('238', '합정', '37.54991315995173', '126.91445406513526', '2', 'AVAILABLE', 'S1', '서울 마포구 서교동 393',
        '02-6110-2381', 'http://data.seoul.go.kr/contents/stn_img/image_2_45.gif', '238', '239', '237', NULL),
       ('239', '홍대입구', '37.5568707448873', '126.923778562273', '2', 'SOME_AVAILABLE', 'S1', '서울 마포구 동교동 165',
        '02-6110-2391', 'http://data.seoul.go.kr/contents/stn_img/image_2_46.gif', '239', '240', '238', NULL),
       ('240', '신촌', '37.555198169366435', '126.93698075993808', '2', 'SOME_AVAILABLE', 'S1', '서울 마포구 노고산동 31-11',
        '02-6110-2401', 'http://data.seoul.go.kr/contents/stn_img/image_2_47.gif', '240', '241', '239', NULL),
       ('241', '이대', '37.556814718869', '126.94642954546576', '2', 'AVAILABLE', 'S1', '서울 마포구 염리동 8-85', '02-6110-2411',
        'http://data.seoul.go.kr/contents/stn_img/image_2_48.gif', '241', '242', '240', NULL),
       ('242', '아현', '37.55740617797663', '126.95614644008904', '2', 'AVAILABLE', 'S1', '서울 마포구 아현동 354-23',
        '02-6110-2421', 'http://data.seoul.go.kr/contents/stn_img/image_2_49.jpg', '242', '243', '241', NULL),
       ('243', '충정로', '37.55976328822766', '126.96449207476172', '2', 'AVAILABLE', 'S1', '서울 서대문구 충정로3가 319-1',
        '02-6110-2431', 'http://data.seoul.go.kr/contents/stn_img/image_2_50.jpg', '243', '201', '242', NULL),
       ('244', '용답', '37.562122776762756', '127.05088954367504', '2', 'AVAILABLE', 'S1', '서울 성동구 용답동 127',
        '02-6110-1341', 'http://data.seoul.go.kr/contents/stn_img/image_2_11.jpg', '211-1', '245', '211', NULL),
       ('245', '신답', '37.5698386846442', '127.047080117369', '2', 'AVAILABLE', 'S1', '서울 성동구 용답동 129-2', '02-6110-1351',
        'http://data.seoul.go.kr/contents/stn_img/image_2_12.jpg', '211-2', '250', '244', NULL),
       ('246', '신설동', '37.5748045192005', '127.024918166399', '2', 'SOME_AVAILABLE', 'S1', '서울 동대문구 신설동 76-5',
        '02-6110-1371', 'http://data.seoul.go.kr/contents/stn_img/image_2_14.jpg', '211-4', NULL, '250', NULL),
       ('247', '도림천', '37.5145080414761', '126.882649092584', '2', 'AVAILABLE', 'S1', '서울 구로구 신도림동 323-16',
        '02-6110-2441', 'http://data.seoul.go.kr/contents/stn_img/image_2_39.jpg', '234-1', '248', '234', NULL),
       ('248', '양천구청', '37.5123888716808', '126.865722369229', '2', 'AVAILABLE', 'S1', '서울 양천구 신정동 276-7',
        '02-6110-2451', 'http://data.seoul.go.kr/contents/stn_img/image_2_40.jpg', '234-2', '249', '247', NULL),
       ('249', '신정네거리', '37.5202231231721', '126.852889567642', '2', 'AVAILABLE', 'S1', '서울 양천구 신정동 1231',
        '02-6110-2461', 'http://data.seoul.go.kr/contents/stn_img/image_2_41.jpg', '234-3', '234-4', '248', NULL),
       ('250', '용두', '37.5740621283646', '127.038275698211', '2', 'AVAILABLE', 'S1', '서울 동대문구 용두동 47-1', '02-6110-1361',
        'http://data.seoul.go.kr/contents/stn_img/image_2_13.jpg', '211-3', '246', '245', NULL),
       ('2511', '방화', '37.5776031994404', '126.812819296675', '5', 'AVAILABLE', 'S1', '서울 강서구 방화동 829-15',
        '02-6311-5101', 'http://data.seoul.go.kr/contents/stn_img/image_5_1.jpg', '510', '2512', NULL, NULL),
       ('2512', '개화산', '37.5725371505293', '126.806814314979', '5', 'AVAILABLE', 'S1', '서울 강서구 방화동 846', '02-6311-5111',
        'http://data.seoul.go.kr/contents/stn_img/image_5_2.jpg', '511', '2513', '2511', NULL),
       ('2513', '김포공항', '37.56209981580658', '126.80125680693868', '5', 'AVAILABLE', 'S1', '서울 강서구 방화동 886',
        '02-6311-5121', 'http://data.seoul.go.kr/contents/stn_img/image_5_3.jpg', '512', '2514', '2512', NULL),
       ('2514', '송정', '37.5611612387718', '126.812430347154', '5', 'SOME_AVAILABLE', 'S1', '서울 강서구 공항동 29-5',
        '02-6311-5131', 'http://data.seoul.go.kr/contents/stn_img/image_5_4.jpg', '513', '2515', '2513', NULL),
       ('2515', '마곡', '37.56022863776301', '126.82469691791624', '5', 'SOME_AVAILABLE', 'S1', '서울 강서구 마곡동 769-3',
        '02-6311-5141', 'http://data.seoul.go.kr/contents/stn_img/image_5_5.jpg', '514', '2516', '2514', NULL),
       ('2516', '발산', '37.558677743241596', '126.83773640693936', '5', 'SOME_AVAILABLE', 'S1', '서울 강서구 마곡동 727-1496',
        '02-6311-5151', 'http://data.seoul.go.kr/contents/stn_img/image_5_6.jpg', '515', '2517', '2515', NULL),
       ('2517', '우장산', '37.54881618721654', '126.83632627213518', '5', 'AVAILABLE', 'S1', '서울 강서구 화곡동 1089-3',
        '02-6311-5161', 'http://data.seoul.go.kr/contents/stn_img/image_5_7.jpg', '516', '2518', '2516', NULL),
       ('2518', '화곡', '37.5416507925709', '126.840455026335', '5', 'AVAILABLE', 'S1', '서울 강서구 화곡동 1089-54',
        '02-6311-5171', 'http://data.seoul.go.kr/contents/stn_img/image_5_8.jpg', '517', '2519', '2517', NULL),
       ('2519', '까치산', '37.5322306724471', '126.846444264065', '5', 'AVAILABLE', 'S1', '서울 강서구 화곡동 662-5',
        '02-6311-5181', 'http://data.seoul.go.kr/contents/stn_img/image_5_9.jpg', '518', '2520', '2518', NULL),
       ('2520', '신정', '37.5250276134139', '126.856097474225', '5', 'AVAILABLE', 'S1', '서울 양천구 신정동 1090', '02-6311-5191',
        'http://data.seoul.go.kr/contents/stn_img/image_5_10.jpg', '519', '2521', '2519', NULL),
       ('2521', '목동', '37.526135115923466', '126.86462527157516', '5', 'AVAILABLE', 'S1', '서울 양천구 목동 926-3',
        '02-6311-5201', 'http://data.seoul.go.kr/contents/stn_img/image_5_11.jpg', '520', '2522', '2520', NULL),
       ('2522', '오목교', '37.5245340839144', '126.875307312696', '5', 'SOME_AVAILABLE', 'S1', '서울 양천구 목동 406-30',
        '02-6311-5211', 'http://data.seoul.go.kr/contents/stn_img/image_5_12.jpg', '521', '2523', '2521', NULL),
       ('2523', '양평', '37.5255796429707', '126.886419282885', '5', 'AVAILABLE', 'S1', '서울 영등포구 양평동2가 33-79',
        '02-6311-5221', 'http://data.seoul.go.kr/contents/stn_img/image_5_13.jpg', '522', '2524', '2522', NULL),
       ('2524', '영등포구청', '37.5242291583027', '126.895322094259', '5', 'AVAILABLE', 'S1', '서울 영등포구 당산동3가 556-1',
        '02-6311-5231', 'http://data.seoul.go.kr/contents/stn_img/image_5_14.jpg', '523', '2525', '2523', NULL),
       ('2525', '영등포시장', '37.522709383885', '126.905179566968', '5', 'AVAILABLE', 'S1', '서울 영등포구 영등포동5가 62-1',
        '02-6311-5241', 'http://data.seoul.go.kr/contents/stn_img/image_5_15.jpg', '524', '2526', '2524', NULL),
       ('2526', '신길', '37.517663974187', '126.914913947722', '5', 'AVAILABLE', 'S1', '서울 영등포구 영등포동1가 35',
        '02-6311-5251', 'http://data.seoul.go.kr/contents/stn_img/image_5_16.jpg', '525', '2527', '2525', NULL),
       ('2527', '여의도', '37.5217753947299', '126.924397990207', '5', 'AVAILABLE', 'S1', '서울 영등포구 여의도동 3', '02-6311-5261',
        'http://data.seoul.go.kr/contents/stn_img/image_5_17.jpg', '526', '2528', '2526', NULL),
       ('2528', '여의나루', '37.5271469489465', '126.93298596744', '5', 'AVAILABLE', 'S1', '서울 영등포구 여의도동 84-4',
        '02-6311-5271', 'http://data.seoul.go.kr/contents/stn_img/image_5_18.jpg', '527', '2529', '2527', NULL),
       ('2529', '마포', '37.53955402908912', '126.94586257221307', '5', 'SOME_AVAILABLE', 'S1', '서울 마포구 도화동 160',
        '02-6311-5281', 'http://data.seoul.go.kr/contents/stn_img/image_5_19.jpg', '528', '2530', '2528', NULL),
       ('2530', '공덕', '37.5445416897534', '126.951451177648', '5', 'SOME_AVAILABLE', 'S1', '서울 마포구 공덕동 423-29',
        '02-6311-5291', 'http://data.seoul.go.kr/contents/stn_img/image_5_20.jpg', '529', '2531', '2529', NULL),
       ('2531', '애오개', '37.5534131497489', '126.956669363197', '5', 'AVAILABLE', 'S1', '서울 마포구 아현동 612', '02-6311-5301',
        'http://data.seoul.go.kr/contents/stn_img/image_5_21.jpg', '530', '2532', '2530', NULL),
       ('2532', '충정로', '37.56042867918723', '126.96303964820936', '5', 'AVAILABLE', 'S1', '서울 서대문구 충정로3가 248-1',
        '02-6311-5311', 'http://data.seoul.go.kr/contents/stn_img/image_5_22.jpg', '531', '2533', '2531', NULL),
       ('2533', '서대문', '37.56575193662503', '126.96663755850754', '5', 'SOME_AVAILABLE', 'S1', '서울 종로구 평동 210',
        '02-6311-5321', 'http://data.seoul.go.kr/contents/stn_img/image_5_23.jpg', '532', '2534', '2532', NULL),
       ('2534', '광화문', '37.57164860977568', '126.97642427981408', '5', 'AVAILABLE', 'S1', '서울 종로구 세종로 1-68',
        '02-6311-5331', 'http://data.seoul.go.kr/contents/stn_img/image_5_24.jpg', '533', '2535', '2533', NULL),
       ('2535', '종로3가', '37.57258941181964', '126.9904176797898', '5', 'AVAILABLE', 'S1', '서울 종로구 돈의동 39-1',
        '02-6311-5341', 'http://data.seoul.go.kr/contents/stn_img/image_5_25.jpg', '534', '2536', '2534', NULL),
       ('2536', '을지로4가', '37.567564032148596', '126.99804517954063', '5', 'SOME_AVAILABLE', 'S1', '서울 중구 주교동 191',
        '02-6311-5351', 'http://data.seoul.go.kr/contents/stn_img/image_5_26.jpg', '535', '2537', '2535', NULL),
       ('2537', '동대문역사문화공원', '37.56462215427451', '127.00579179092047', '5', 'UNAVAILABLE', 'S1', '서울 중구 광희동1가 235-6',
        '02-6311-5361', 'http://data.seoul.go.kr/contents/stn_img/image_5_27.jpg', '536', '2538', '2536', NULL),
       ('2538', '청구', '37.5602101936978', '127.013943845279', '5', 'AVAILABLE', 'S1', '서울 중구 신당동 295-2', '02-6311-5371',
        'http://data.seoul.go.kr/contents/stn_img/image_5_28.jpg', '537', '2539', '2537', NULL),
       ('2539', '신금호', '37.55447619249223', '127.02049316578315', '5', 'AVAILABLE', 'S1', '서울 성동구 금호동2가 223-1',
        '02-6311-5381', 'http://data.seoul.go.kr/contents/stn_img/image_5_29.jpg', '538', '2540', '2538', NULL),
       ('2540', '행당', '37.5573637818732', '127.029511840513', '5', 'AVAILABLE', 'S1', '서울 성동구 행당동 317-241',
        '02-6311-5391', 'http://data.seoul.go.kr/contents/stn_img/image_5_30.jpg', '539', '2541', '2539', NULL),
       ('2541', '왕십리', '37.56203954461276', '127.03733125702163', '5', 'SOME_AVAILABLE', 'S1', '서울 성동구 행당동 192',
        '02-6311-5401', 'http://data.seoul.go.kr/contents/stn_img/image_5_31.jpg', '540', '2542', '2540', NULL),
       ('2542', '마장', '37.5661389565959', '127.042984855663', '5', 'AVAILABLE', 'S1', '서울 성동구 마장동 804', '02-6311-5411',
        'http://data.seoul.go.kr/contents/stn_img/image_5_32.jpg', '541', '2543', '2541', NULL),
       ('2543', '답십리', '37.56697480965114', '127.05256127651293', '5', 'AVAILABLE', 'S1', '서울 성동구 용답동 99',
        '02-6311-5421', 'http://data.seoul.go.kr/contents/stn_img/image_5_33.jpg', '542', '2544', '2542', NULL),
       ('2544', '장한평', '37.5616038910656', '127.06370373106944', '5', 'AVAILABLE', 'S1', '서울 동대문구 장안동 472-3',
        '02-6311-5431', 'http://data.seoul.go.kr/contents/stn_img/image_5_34.jpg', '543', '2545', '2543', NULL),
       ('2545', '군자', '37.557151488837924', '127.0795106156054', '5', 'AVAILABLE', 'S1', '서울 광진구 능동 275-5',
        '02-6311-5441', 'http://data.seoul.go.kr/contents/stn_img/image_5_35.jpg', '544', '2546', '2544', NULL),
       ('2546', '아차산', '37.55224917071854', '127.08956495447913', '5', 'AVAILABLE', 'S1', '서울 광진구 능동 256-16',
        '02-6311-5451', 'http://data.seoul.go.kr/contents/stn_img/image_5_36.jpg', '545', '2547', '2545', NULL),
       ('2547', '광나루', '37.5452991715677', '127.103521464507', '5', 'AVAILABLE', 'S1', '서울 광진구 광장동 237', '02-6311-5461',
        'http://data.seoul.go.kr/contents/stn_img/image_5_37.jpg', '546', '2548', '2546', NULL),
       ('2548', '천호', '37.5385112120297', '127.12392845044', '5', 'AVAILABLE', 'S1', '서울 강동구 천호동 455', '02-6311-5471',
        'http://data.seoul.go.kr/contents/stn_img/image_5_38.jpg', '547', '2549', '2547', NULL),
       ('2549', '강동', '37.5358819145235', '127.132396300314', '5', 'SOME_AVAILABLE', 'S1', '서울 강동구 천호동 447',
        '02-6311-5481', 'http://data.seoul.go.kr/contents/stn_img/image_5_39.jpg', '548', '2550', '2548', '2555'),
       ('2550', '길동', '37.5378264874159', '127.140021295948', '5', 'AVAILABLE', 'S1', '서울 강동구 길동 378', '02-6311-5491',
        'http://data.seoul.go.kr/contents/stn_img/image_5_40.jpg', '549', '2551', '2549', NULL),
       ('2551', '굽은다리', '37.54551759022203', '127.14288387331297', '5', 'AVAILABLE', 'S1', '서울 강동구 명일동 345-12',
        '02-6311-5501', 'http://data.seoul.go.kr/contents/stn_img/image_5_41.jpg', '550', '2552', '2550', NULL),
       ('2552', '명일', '37.5513978958277', '127.14404374474', '5', 'AVAILABLE', 'S1', '서울 강동구 명일동 312', '02-6311-5511',
        'http://data.seoul.go.kr/contents/stn_img/image_5_42.jpg', '551', '2553', '2551', NULL),
       ('2553', '고덕', '37.55504766830918', '127.15416500963447', '5', 'AVAILABLE', 'S1', '서울 강동구 고덕동 310',
        '02-6311-5521', 'http://data.seoul.go.kr/contents/stn_img/image_5_43.jpg', '552', '2554', '2552', NULL),
       ('2554', '상일동', '37.5566778757215', '127.165905758209', '5', 'AVAILABLE', 'S1', '서울 강동구 상일동 148', '02-6311-5531',
        'http://data.seoul.go.kr/contents/stn_img/image_5_44.jpg', '553', NULL, '2553', NULL),
       ('2555', '둔촌동', '37.52765684247226', '127.13621464981398', '5', 'UNAVAILABLE', 'S1', '서울 강동구 둔촌동 416',
        '02-6311-5541', 'http://data.seoul.go.kr/contents/stn_img/image_5_45.jpg', 'P549', '2556', '2549', NULL),
       ('2556', '올림픽공원', '37.5163389870117', '127.130963675401', '5', 'SOME_AVAILABLE', 'S1', '서울 송파구 방이동 89-28',
        '02-6311-5551', 'http://data.seoul.go.kr/contents/stn_img/image_5_46.jpg', 'P550', '2557', '2555', NULL),
       ('2557', '방이', '37.5087506251989', '127.126096046986', '5', 'AVAILABLE', 'S1', '서울 송파구 방이동 217-2',
        '02-6311-5561', 'http://data.seoul.go.kr/contents/stn_img/image_5_47.jpg', 'P551', '2558', '2556', NULL),
       ('2558', '오금', '37.5021388575469', '127.127953219596', '5', 'AVAILABLE', 'S1', '서울 송파구 오금동 44-2', '02-6110-3521',
        'http://data.seoul.go.kr/contents/stn_img/image_5_48.jpg', 'P552', '2559', '2557', NULL),
       ('2559', '개롱', '37.497968278388235', '127.13507959838425', '5', 'AVAILABLE', 'S1', '서울 송파구 가락동 165-2',
        '02-6311-5581', 'http://data.seoul.go.kr/contents/stn_img/image_5_49.jpg', 'P553', '2560', '2558', NULL),
       ('2560', '거여', '37.4933304500736', '127.143773841911', '5', 'AVAILABLE', 'S1', '서울 송파구 거여동 20-14',
        '02-6311-5591', 'http://data.seoul.go.kr/contents/stn_img/image_5_50.jpg', 'P554', '2561', '2559', NULL),
       ('2561', '마천', '37.4950381629493', '127.152859864985', '5', 'AVAILABLE', 'S1', '서울 송파구 마천동 307-4',
        '02-6311-5601', 'http://data.seoul.go.kr/contents/stn_img/image_5_51.jpg', 'P555', NULL, '2560', NULL),
       ('2562', '강일', '37.5574259795986', '127.175680183486', '5', 'SOME_AVAILABLE', 'S1', '서울 강동구 상일동 산 73',
        '02-6311-5611', 'http://data.seoul.go.kr/contents/stn_img/image_5_52.jpg', '554', NULL, NULL, NULL),
       ('2611', '응암', '37.5984928632876', '126.9155399209037', '6', 'AVAILABLE', 'S1', '서울 은평구 신사동 22-15',
        '02-6311-6101', 'http://data.seoul.go.kr/contents/stn_img/image_6_1.jpg', '610', '2612', '2616', '2617'),
       ('2612', '역촌', '37.60622745935512', '126.9228437430386', '6', 'AVAILABLE', 'S1', '서울 은평구 녹번동 153-31',
        '02-6311-6111', 'http://data.seoul.go.kr/contents/stn_img/image_6_2.jpg', '611', '2613', '2611', NULL),
       ('2613', '불광', '37.61087796280672', '126.92939540272262', '6', 'AVAILABLE', 'S1', '서울 은평구 대조동 13-10',
        '02-6311-6121', 'http://data.seoul.go.kr/contents/stn_img/image_6_3.jpg', '612', '2614', '2612', NULL),
       ('2614', '독바위', '37.6184141599944', '126.933053652461', '6', 'AVAILABLE', 'S1', '서울 은평구 불광동 13-33',
        '02-6311-6131', 'http://data.seoul.go.kr/contents/stn_img/image_6_4.jpg', '613', '2615', '2613', NULL),
       ('2615', '연신내', '37.61851445829909', '126.92045466718463', '6', 'AVAILABLE', 'S1', '서울 은평구 갈현동 397',
        '02-6110-3211', 'http://data.seoul.go.kr/contents/stn_img/image_6_5.jpg', '614', '2616', '2614', NULL),
       ('2616', '구산', '37.61124669148435', '126.91725947715172', '6', 'AVAILABLE', 'S1', '서울 은평구 구산동 1', '02-6311-6151',
        'http://data.seoul.go.kr/contents/stn_img/image_6_6.jpg', '615', '2611', '2615', NULL),
       ('2617', '새절', '37.5908600479967', '126.913580663181', '6', 'AVAILABLE', 'S1', '서울 은평구 신사동 337-5',
        '02-6311-6161', 'http://data.seoul.go.kr/contents/stn_img/image_6_7.jpg', '616', '2618', '2611', NULL),
       ('2618', '증산', '37.583746353282', '126.909494991105', '6', 'AVAILABLE', 'S1', '서울 은평구 증산동 199-8', '02-6311-6171',
        'http://data.seoul.go.kr/contents/stn_img/image_6_8.jpg', '617', '2619', '2617', NULL),
       ('2619', '디지털미디어시티', '37.57601374718818', '126.90127778415635', '6', 'SOME_AVAILABLE', 'S1', '서울 은평구 증산동 223-25',
        '02-6311-6181', 'http://data.seoul.go.kr/contents/stn_img/image_6_9.jpg', '618', '2620', '2618', NULL),
       ('2620', '월드컵경기장', '37.5696355653344', '126.899098148061', '6', 'SOME_AVAILABLE', 'S1', '서울 마포구 성산동 420',
        '02-6311-6191', 'http://data.seoul.go.kr/contents/stn_img/image_6_10.jpg', '619', '2621', '2619', NULL),
       ('2621', '마포구청', '37.5634871865932', '126.903425598797', '6', 'AVAILABLE', 'S1', '서울 마포구 성산동 592',
        '02-6311-6201', 'http://data.seoul.go.kr/contents/stn_img/image_6_11.jpg', '620', '2622', '2620', NULL),
       ('2622', '망원', '37.5560826563712', '126.910094329982', '6', 'AVAILABLE', 'S1', '서울 마포구 망원동 378', '02-6311-6211',
        'http://data.seoul.go.kr/contents/stn_img/image_6_12.jpg', '621', '2623', '2621', NULL),
       ('2623', '합정', '37.5487840343032', '126.91421318621', '6', 'AVAILABLE', 'S1', '서울 마포구 합정동 414', '02-6311-6221',
        'http://data.seoul.go.kr/contents/stn_img/image_6_13.jpg', '622', '2624', '2622', NULL),
       ('2624', '상수', '37.54776618366393', '126.92242989321456', '6', 'AVAILABLE', 'S1', '서울 마포구 상수동 309-10',
        '02-6311-6231', 'http://data.seoul.go.kr/contents/stn_img/image_6_14.jpg', '623', '2625', '2623', NULL),
       ('2625', '광흥창', '37.54748648317645', '126.93202965599583', '6', 'AVAILABLE', 'S1', '서울 마포구 창전동 145-17',
        '02-6311-6241', 'http://data.seoul.go.kr/contents/stn_img/image_6_15.jpg', '624', '2626', '2624', NULL),
       ('2626', '대흥', '37.5476479056751', '126.942473188734', '6', 'AVAILABLE', 'S1', '서울 마포구 대흥동 128-1',
        '02-6311-6251', 'http://data.seoul.go.kr/contents/stn_img/image_6_16.jpg', '625', '2627', '2625', NULL),
       ('2627', '공덕', '37.543530049331636', '126.95189540256291', '6', 'SOME_AVAILABLE', 'S1', '서울 마포구 공덕동 439',
        '02-6311-5291', 'http://data.seoul.go.kr/contents/stn_img/image_6_17.jpg', '626', '2628', '2626', NULL),
       ('2628', '효창공원앞', '37.5393087503306', '126.96139810075', '6', 'AVAILABLE', 'S1', '서울 용산구 효창동 80', '02-6311-6271',
        'http://data.seoul.go.kr/contents/stn_img/image_6_18.jpg', '627', '2629', '2627', NULL),
       ('2629', '삼각지', '37.535607295640936', '126.9740539626925', '6', 'SOME_AVAILABLE', 'S1', '서울 용산구 한강로1가 228-1',
        '02-6311-6281', 'http://data.seoul.go.kr/contents/stn_img/image_6_19.jpg', '628', '2630', '2628', NULL),
       ('2630', '녹사평', '37.5347227952064', '126.9865496751', '6', 'AVAILABLE', 'S1', '서울 용산구 용산동4가 4', '02-6311-6291',
        'http://data.seoul.go.kr/contents/stn_img/image_6_20.jpg', '629', '2631', '2629', NULL),
       ('2631', '이태원', '37.5345252050511', '126.994333861918', '6', 'AVAILABLE', 'S1', '서울 용산구 이태원동 119-23',
        '02-6311-6301', 'http://data.seoul.go.kr/contents/stn_img/image_6_21.jpg', '630', '2632', '2630', NULL),
       ('2632', '한강진', '37.5397907743775', '127.001765135176', '6', 'AVAILABLE', 'S1', '서울 용산구 한남동 726-494',
        '02-6311-6311', 'http://data.seoul.go.kr/contents/stn_img/image_6_22.jpg', '631', '2633', '2631', NULL),
       ('2633', '버티고개', '37.5478275106099', '127.006730866101', '6', 'AVAILABLE', 'S1', '서울 중구 신당동 366-454',
        '02-6311-6321', 'http://data.seoul.go.kr/contents/stn_img/image_6_23.jpg', '632', '2634', '2632', NULL),
       ('2634', '약수', '37.5539252226626', '127.010153707232', '6', 'AVAILABLE', 'S1', '서울 중구 신당동 369-2', '02-6311-6331',
        'http://data.seoul.go.kr/contents/stn_img/image_6_24.jpg', '633', '2635', '2633', NULL),
       ('2635', '청구', '37.5609165488093', '127.014165812912', '6', 'AVAILABLE', 'S1', '서울 중구 신당동 295-2', '02-6311-5371',
        'http://data.seoul.go.kr/contents/stn_img/image_6_25.jpg', '634', '2636', '2634', NULL),
       ('2636', '신당', '37.56609251486158', '127.01617590593352', '6', 'AVAILABLE', 'S1', '서울 중구 흥인동 162-1',
        '02-6311-6351', 'http://data.seoul.go.kr/contents/stn_img/image_6_26.jpg', '635', '2637', '2635', NULL),
       ('2637', '동묘앞', '37.5721715926337', '127.015725557994', '6', 'AVAILABLE', 'S1', '서울 종로구 숭인동 316-3',
        '02-6311-6361', 'http://data.seoul.go.kr/contents/stn_img/image_6_27.jpg', '636', '2638', '2636', NULL),
       ('2638', '창신', '37.57941474393655', '127.01529688465331', '6', 'AVAILABLE', 'S1', '서울 종로구 창신동 20-8',
        '02-6311-6371', 'http://data.seoul.go.kr/contents/stn_img/image_6_28.jpg', '637', '2639', '2637', NULL),
       ('2639', '보문', '37.585541696968', '127.020003515933', '6', 'AVAILABLE', 'S1', '서울 성북구 보문동1가 127-1',
        '02-6311-6381', 'http://data.seoul.go.kr/contents/stn_img/image_6_29.jpg', '638', '2640', '2638', NULL),
       ('2640', '안암', '37.586307417971', '127.029233420248', '6', 'AVAILABLE', 'S1', '서울 성북구 안암동5가 146-1',
        '02-6311-6391', 'http://data.seoul.go.kr/contents/stn_img/image_6_30.jpg', '639', '2641', '2639', NULL),
       ('2641', '고려대', '37.59044191064368', '127.03630828564728', '6', 'AVAILABLE', 'S1', '서울 성북구 종암동 29-18',
        '02-6311-6401', 'http://data.seoul.go.kr/contents/stn_img/image_6_31.jpg', '640', '2642', '2640', NULL),
       ('2642', '월곡', '37.6018044172918', '127.041460725816', '6', 'AVAILABLE', 'S1', '서울 성북구 하월곡동 35-1',
        '02-6311-6411', 'http://data.seoul.go.kr/contents/stn_img/image_6_32.jpg', '641', '2643', '2641', NULL),
       ('2643', '상월곡', '37.6065588265169', '127.048829192974', '6', 'AVAILABLE', 'S1', '서울 성북구 상월곡동 26-1',
        '02-6311-6421', 'http://data.seoul.go.kr/contents/stn_img/image_6_33.jpg', '642', '2644', '2642', NULL),
       ('2644', '돌곶이', '37.61054501416126', '127.0564381246322', '6', 'AVAILABLE', 'S1', '서울 성북구 석관동 349-8',
        '02-6311-6431', 'http://data.seoul.go.kr/contents/stn_img/image_6_34.jpg', '643', '2645', '2643', NULL),
       ('2645', '석계', '37.6151491167469', '127.066703301093', '6', 'AVAILABLE', 'S1', '서울 노원구 월계동 25-2', '02-6311-6441',
        'http://data.seoul.go.kr/contents/stn_img/image_6_35.jpg', '644', '2646', '2644', NULL),
       ('2646', '태릉입구', '37.6173499119222', '127.07475176155', '6', 'SOME_AVAILABLE', 'S1', '서울 노원구 공릉동 616-4',
        '02-6311-7171', 'http://data.seoul.go.kr/contents/stn_img/image_6_36.jpg', '645', '2647', '2645', NULL),
       ('2647', '화랑대', '37.61984245540276', '127.08354181123269', '6', 'AVAILABLE', 'S1', '서울 노원구 공릉동 285-2',
        '02-6311-6461', 'http://data.seoul.go.kr/contents/stn_img/image_6_37.jpg', '646', '2648', '2646', NULL),
       ('2648', '봉화산', '37.617350836302734', '127.09136011564394', '6', 'AVAILABLE', 'S1', '서울 중랑구 신내동 643-1',
        '02-6311-6471', 'http://data.seoul.go.kr/contents/stn_img/image_6_38.jpg', '647', NULL, '2647', NULL),
       ('2649', '신내', '37.6124910157349', '127.104271439503', '6', 'AVAILABLE', 'S1', '서울 중랑구 신내동 19', '02-6311-6481',
        'http://data.seoul.go.kr/contents/stn_img/image_6_39.jpg', '648', NULL, NULL, NULL),
       ('2712', '도봉산', '37.6896304650032', '127.046425596353', '7', 'AVAILABLE', 'S1', '서울 도봉구 도봉동 38-3',
        '02-6311-7101', 'http://data.seoul.go.kr/contents/stn_img/image_7_2.jpg', '710', '2713', NULL, NULL),
       ('2713', '수락산', '37.6778814656816', '127.055350968781', '7', 'AVAILABLE', 'S1', '서울 노원구 상계동 1132-9',
        '02-6311-7111', 'http://data.seoul.go.kr/contents/stn_img/image_7_3.jpg', '711', '2714', '2712', NULL),
       ('2714', '마들', '37.6652017465321', '127.057712619869', '7', 'AVAILABLE', 'S1', '서울 노원구 상계동 650', '02-6311-7121',
        'http://data.seoul.go.kr/contents/stn_img/image_7_4.jpg', '712', '2715', '2713', NULL),
       ('2715', '노원', '37.6545110763411', '127.06055556456411', '7', 'SOME_AVAILABLE', 'S1', '서울 노원구 상계동 729',
        '02-6311-7131', 'http://data.seoul.go.kr/contents/stn_img/image_7_5.jpg', '713', '2716', '2714', NULL),
       ('2716', '중계', '37.6450921230569', '127.06411035896', '7', 'SOME_AVAILABLE', 'S1', '서울 노원구 중계동 503-3',
        '02-6311-7141', 'http://data.seoul.go.kr/contents/stn_img/image_7_6.jpg', '714', '2717', '2715', NULL),
       ('2717', '하계', '37.6364765391858', '127.067991278758', '7', 'AVAILABLE', 'S1', '서울 노원구 하계동 273-5',
        '02-6311-7151', 'http://data.seoul.go.kr/contents/stn_img/image_7_7.jpg', '715', '2718', '2716', NULL),
       ('2718', '공릉', '37.6255427648558', '127.073033585328', '7', 'AVAILABLE', 'S1', '서울 노원구 공릉동 385-4',
        '02-6311-7161', 'http://data.seoul.go.kr/contents/stn_img/image_7_8.jpg', '716', '2719', '2717', NULL),
       ('2719', '태릉입구', '37.618459513199', '127.075405300578', '7', 'SOME_AVAILABLE', 'S1', '서울 노원구 공릉동 616-4',
        '02-6311-7171', 'http://data.seoul.go.kr/contents/stn_img/image_7_9.jpg', '717', '2720', '2718', NULL),
       ('2720', '먹골', '37.6106193846197', '127.077762187968', '7', 'AVAILABLE', 'S1', '서울 중랑구 묵동 189-5', '02-6311-7181',
        'http://data.seoul.go.kr/contents/stn_img/image_7_10.jpg', '718', '2721', '2719', NULL),
       ('2721', '중화', '37.6025526943256', '127.079312037122', '7', 'AVAILABLE', 'S1', '서울 중랑구 중화동 50-3', '02-6311-7191',
        'http://data.seoul.go.kr/contents/stn_img/image_7_11.jpg', '719', '2722', '2720', NULL),
       ('2722', '상봉', '37.5955853328943', '127.085754455388', '7', 'AVAILABLE', 'S1', '서울 중랑구 상봉동 100-9',
        '02-6311-7201', 'http://data.seoul.go.kr/contents/stn_img/image_7_12.jpg', '720', '2723', '2721', NULL),
       ('2723', '면목', '37.5887148877725', '127.087503803859', '7', 'AVAILABLE', 'S1', '서울 중랑구 면목동 282-6',
        '02-6311-7211', 'http://data.seoul.go.kr/contents/stn_img/image_7_13.jpg', '721', '2724', '2722', NULL),
       ('2724', '사가정', '37.5809403751459', '127.088504554212', '7', 'AVAILABLE', 'S1', '서울 중랑구 면목동 495', '02-6311-7221',
        'http://data.seoul.go.kr/contents/stn_img/image_7_14.jpg', '722', '2725', '2723', NULL),
       ('2725', '용마산', '37.57366797492471', '127.08671982507775', '7', 'AVAILABLE', 'S1', '서울 중랑구 면목동 1316-5',
        '02-6311-7231', 'http://data.seoul.go.kr/contents/stn_img/image_7_15.jpg', '723', '2726', '2724', NULL),
       ('2726', '중곡', '37.56592206115955', '127.08431236632154', '7', 'AVAILABLE', 'S1', '서울 광진구 중곡동 273-2',
        '02-6311-7241', 'http://data.seoul.go.kr/contents/stn_img/image_7_16.jpg', '724', '2727', '2725', NULL),
       ('2727', '군자', '37.5577765558418', '127.079844019721', '7', 'AVAILABLE', 'S1', '서울 광진구 능동 275-5', '02-6311-5441',
        'http://data.seoul.go.kr/contents/stn_img/image_7_17.jpg', '725', '2728', '2726', NULL),
       ('2728', '어린이대공원', '37.54796087622509', '127.07465525507352', '7', 'AVAILABLE', 'S1', '서울 광진구 화양동 164-1',
        '02-6311-7261', 'http://data.seoul.go.kr/contents/stn_img/image_7_18.jpg', '726', '2729', '2727', NULL),
       ('2729', '건대입구', '37.5408686005702', '127.071104284458', '7', 'SOME_AVAILABLE', 'S1', '서울 광진구 화양동 6-3',
        '02-6311-7271', 'http://data.seoul.go.kr/contents/stn_img/image_7_19.jpg', '727', '2730', '2728', NULL),
       ('2730', '뚝섬유원지', '37.5315583755646', '127.066796230331', '7', 'AVAILABLE', 'S1', '서울 광진구 자양동 73-2',
        '02-6311-7281', 'http://data.seoul.go.kr/contents/stn_img/image_7_20.jpg', '728', '2731', '2729', NULL),
       ('2731', '청담', '37.519455579961', '127.053717937903', '7', 'AVAILABLE', 'S1', '서울 강남구 청담동 77-76', '02-6311-7291',
        'http://data.seoul.go.kr/contents/stn_img/image_7_21.jpg', '729', '2732', '2730', NULL),
       ('2732', '강남구청', '37.51721617197854', '127.0413109462156', '7', 'AVAILABLE', 'S1', '서울 강남구 삼성동 111-44',
        '02-6311-7301', 'http://data.seoul.go.kr/contents/stn_img/image_7_22.jpg', '730', '2733', '2731', NULL),
       ('2733', '학동', '37.51434578734927', '127.03190190063152', '7', 'AVAILABLE', 'S1', '서울 강남구 논현동 279-67',
        '02-6311-7311', 'http://data.seoul.go.kr/contents/stn_img/image_7_23.jpg', '731', '2734', '2732', NULL),
       ('2734', '논현', '37.51120000205266', '127.02165424259898', '7', 'AVAILABLE', 'S1', '서울 강남구 논현동 279-67',
        '02-6311-7321', 'http://data.seoul.go.kr/contents/stn_img/image_7_24.jpg', '732', '2735', '2733', NULL),
       ('2735', '반포', '37.5081614290284', '127.011586161943', '7', 'AVAILABLE', 'S1', '서울 서초구 잠원동 103', '02-6311-7331',
        'http://data.seoul.go.kr/contents/stn_img/image_7_25.jpg', '733', '2736', '2734', NULL),
       ('2736', '고속터미널', '37.5033865633062', '127.005007834609', '7', 'AVAILABLE', 'S1', '서울 서초구 반포동 19-11',
        '02-6311-7341', 'http://data.seoul.go.kr/contents/stn_img/image_7_26.jpg', '734', '2737', '2735', NULL),
       ('2737', '내방', '37.4876585212369', '126.993600180589', '7', 'AVAILABLE', 'S1', '서울 서초구 방배동 874-16',
        '02-6311-7351', 'http://data.seoul.go.kr/contents/stn_img/image_7_27.jpg', '735', '2738', '2736', NULL),
       ('2738', '이수', '37.48528852311765', '126.98167629035197', '7', 'AVAILABLE', 'S1', '서울 동작구 사당동 144-4',
        '02-6311-7361', 'http://data.seoul.go.kr/contents/stn_img/image_7_28.jpg', '736', '2739', '2737', NULL),
       ('2739', '남성', '37.484793511299706', '126.97091020065321', '7', 'AVAILABLE', 'S1', '서울 동작구 사당동 산 25-33',
        '02-6311-7371', 'http://data.seoul.go.kr/contents/stn_img/image_7_29.jpg', '737', '2740', '2738', NULL),
       ('2740', '숭실대입구', '37.4963172817574', '126.953621963422', '7', 'AVAILABLE', 'S1', '서울 동작구 상도동 514',
        '02-6311-7381', 'http://data.seoul.go.kr/contents/stn_img/image_7_30.jpg', '738', '2741', '2739', NULL),
       ('2741', '상도', '37.5028706251049', '126.947917975554', '7', 'AVAILABLE', 'S1', '서울 동작구 상도1동 702-1',
        '02-6311-7391', 'http://data.seoul.go.kr/contents/stn_img/image_7_31.jpg', '739', '2742', '2740', NULL),
       ('2742', '장승배기', '37.5048990621814', '126.939072381356', '7', 'AVAILABLE', 'S1', '서울 동작구 상도동 26-20',
        '02-6311-7401', 'http://data.seoul.go.kr/contents/stn_img/image_7_32.jpg', '740', '2743', '2741', NULL),
       ('2743', '신대방삼거리', '37.499757228908564', '126.92821094566965', '7', 'AVAILABLE', 'S1', '서울 동작구 대방동 406-10',
        '02-6311-7411', 'http://data.seoul.go.kr/contents/stn_img/image_7_33.jpg', '741', '2744', '2742', NULL),
       ('2744', '보라매', '37.49992085496506', '126.92061230710924', '7', 'AVAILABLE', 'S1', '서울 동작구 대방동 466-51',
        '02-6311-7421', 'http://data.seoul.go.kr/contents/stn_img/image_7_34.jpg', '742', '2745', '2743', NULL),
       ('2745', '신풍', '37.5001229935524', '126.90975434386', '7', 'AVAILABLE', 'S1', '서울 영등포구 신길동 3599', '02-6311-7431',
        'http://data.seoul.go.kr/contents/stn_img/image_7_35.jpg', '743', '2746', '2744', NULL),
       ('2746', '대림', '37.4928430008915', '126.896722858042', '7', 'SOME_AVAILABLE', 'S1', '서울 영등포구 대림동 1050-17',
        '02-6311-7441', 'http://data.seoul.go.kr/contents/stn_img/image_7_36.jpg', '744', '2747', '2745', NULL),
       ('2747', '남구로', '37.48625714438263', '126.88741505160269', '7', 'AVAILABLE', 'S1', '서울 구로구 구로동 801-95',
        '02-6311-7451', 'http://data.seoul.go.kr/contents/stn_img/image_7_37.jpg', '745', '2748', '2746', NULL),
       ('2748', '가산디지털단지', '37.4803959660982', '126.882661758356', '7', 'SOME_AVAILABLE', 'S1', '서울 금천구 가산동 468-4',
        '02-6311-7461', 'http://data.seoul.go.kr/contents/stn_img/image_7_38.jpg', '746', NULL, '2747', NULL),
       ('2751', '천왕', '37.48685558277736', '126.83860534807998', '7', 'AVAILABLE', 'S1', '서울 구로구 천왕동 14-25',
        '02-6311-7491', 'http://data.seoul.go.kr/contents/stn_img/image_7_41.jpg', '749', '2752', NULL, NULL),
       ('2752', '온수', '37.4919675365056', '126.823847928009', '7', 'AVAILABLE', 'S1', '서울 구로구 온수동 119', '02-6311-7501',
        'http://data.seoul.go.kr/contents/stn_img/image_7_42.jpg', '750', NULL, '2751', NULL),
       ('2811', '암사', '37.55015818096496', '127.12754072968517', '8', 'AVAILABLE', 'S1', '서울 강동구 암사동 501',
        '02-6311-8101', 'http://data.seoul.go.kr/contents/stn_img/image_8_1.jpg', '810', '2812', NULL, NULL),
       ('2812', '천호', '37.537936231906734', '127.12320335921426', '8', 'AVAILABLE', 'S1', '서울 강동구 천호동 455',
        '02-6311-5471', 'http://data.seoul.go.kr/contents/stn_img/image_8_2.jpg', '811', '2813', '2811', NULL),
       ('2813', '강동구청', '37.5302111983522', '127.12044373032', '8', 'AVAILABLE', 'S1', '서울 강동구 성내동 319', '02-6311-8121',
        'http://data.seoul.go.kr/contents/stn_img/image_8_3.jpg', '812', '2814', '2812', NULL),
       ('2814', '몽촌토성', '37.5178055794687', '127.11286534895457', '8', 'AVAILABLE', 'S1', '서울 송파구 신천동 19',
        '02-6311-8131', 'http://data.seoul.go.kr/contents/stn_img/image_8_4.jpg', '813', '2815', '2813', NULL),
       ('2815', '잠실', '37.5143121584933', '127.103270523629', '8', 'SOME_AVAILABLE', 'S1', '서울 송파구 신천동 7-4',
        '02-6311-8141', 'http://data.seoul.go.kr/contents/stn_img/image_8_5.jpg', '814', '2816', '2814', NULL),
       ('2816', '석촌', '37.5054141216925', '127.107004062699', '8', 'SOME_AVAILABLE', 'S1', '서울 송파구 석촌동 209',
        '02-6311-8151', 'http://data.seoul.go.kr/contents/stn_img/image_8_6.jpg', '815', '2817', '2815', NULL),
       ('2817', '송파', '37.4997149535067', '127.112193506363', '8', 'AVAILABLE', 'S1', '서울 송파구 가락동 459-4',
        '02-6311-8161', 'http://data.seoul.go.kr/contents/stn_img/image_8_7.jpg', '816', '2818', '2816', NULL),
       ('2818', '가락시장', '37.4930992522183', '127.118262745146', '8', 'AVAILABLE', 'S1', '서울 송파구 가락동 184-23',
        '02-6311-8171', 'http://data.seoul.go.kr/contents/stn_img/image_8_8.jpg', '817', '2819', '2817', NULL),
       ('2819', '문정', '37.4860310539381', '127.122484886901', '8', 'AVAILABLE', 'S1', '서울 송파구 문정동 119-4',
        '02-6311-8181', 'http://data.seoul.go.kr/contents/stn_img/image_8_9.jpg', '818', '2820', '2818', NULL),
       ('2820', '장지', '37.4786316933099', '127.12617656737', '8', 'AVAILABLE', 'S1', '서울 송파구 장지동 201-5', '02-6311-8191',
        'http://data.seoul.go.kr/contents/stn_img/image_8_10.jpg', '819', '2821', '2819', NULL),
       ('2821', '복정', '37.4707418689753', '127.126724009736', '8', 'AVAILABLE', 'S1', '서울 송파구 장지동 596-21',
        '02-6311-8201', 'http://data.seoul.go.kr/contents/stn_img/image_8_11.jpg', '820', NULL, '2820', NULL),
       ('310', '구파발', '37.6364357889145', '126.918852820009', '3', 'AVAILABLE', 'S1', '서울 은평구 진관동 67-26',
        '02-6110-3201', 'http://data.seoul.go.kr/contents/stn_img/image_3_2.jpg', '320', '311', NULL, NULL),
       ('311', '연신내', '37.6192032466353', '126.921100704496', '3', 'AVAILABLE', 'S1', '서울 은평구 갈현동 397', '02-6110-3211',
        'http://data.seoul.go.kr/contents/stn_img/image_3_3.jpg', '321', '312', '310', NULL),
       ('312', '불광', '37.6100477979795', '126.930315826401', '3', 'AVAILABLE', 'S1', '서울 은평구 대조동 13-10', '02-6110-3221',
        'http://data.seoul.go.kr/contents/stn_img/image_3_4.jpg', '322', '313', '311', NULL),
       ('313', '녹번', '37.6008067681825', '126.935828008217', '3', 'SOME_AVAILABLE', 'S1', '서울 은평구 녹번동 55',
        '02-6110-3231', 'http://data.seoul.go.kr/contents/stn_img/image_3_5.jpg', '323', '314', '312', NULL),
       ('314', '홍제', '37.5887953806088', '126.944158007985', '3', 'AVAILABLE', 'S1', '서울 서대문구 홍제동 161-1',
        '02-6110-3241', 'http://data.seoul.go.kr/contents/stn_img/image_3_6.jpg', '324', '315', '313', NULL),
       ('315', '무악재', '37.5825632263526', '126.950230954136', '3', 'AVAILABLE', 'S1', '서울 서대문구 홍제동 26-1',
        '02-6110-3251', 'http://data.seoul.go.kr/contents/stn_img/image_3_7.jpg', '325', '316', '314', NULL),
       ('316', '독립문', '37.57446627898665', '126.95791371132584', '3', 'AVAILABLE', 'S1', '서울 서대문구 현저동 101',
        '02-6110-3261', 'http://data.seoul.go.kr/contents/stn_img/image_3_8.jpg', '326', '317', '315', NULL),
       ('317', '경복궁', '37.5758061234865', '126.973691352767', '3', 'AVAILABLE', 'S1', '서울 종로구 적선동 81-1', '02-6110-3271',
        'http://data.seoul.go.kr/contents/stn_img/image_3_9.gif', '327', '318', '316', NULL),
       ('318', '안국', '37.57650192060523', '126.98542143228659', '3', 'AVAILABLE', 'S1', '서울 종로구 안국동 73-1',
        '02-6110-3281', 'http://data.seoul.go.kr/contents/stn_img/image_3_10.gif', '328', '319', '317', NULL),
       ('319', '종로3가', '37.571563287751246', '126.9918757981544', '3', 'AVAILABLE', 'S1', '서울 종로구 묘동 20-5',
        '02-6110-3291', 'http://data.seoul.go.kr/contents/stn_img/image_3_11.gif', '329', '320', '318', NULL),
       ('320', '을지로3가', '37.5664312655685', '126.992615486076', '3', 'SOME_AVAILABLE', 'S1', '서울 중구 을지로3가 282-8',
        '02-6110-3301', 'http://data.seoul.go.kr/contents/stn_img/image_3_12.gif', '330', '321', '319', NULL),
       ('321', '충무로', '37.5613965840169', '126.994150735779', '3', 'AVAILABLE', 'S1', '서울 중구 필동2가 16-2', '02-6110-4231',
        'http://data.seoul.go.kr/contents/stn_img/image_3_13.jpg', '331', '322', '320', NULL),
       ('322', '동대입구', '37.55905581925076', '127.00531600900922', '3', 'AVAILABLE', 'S1', '서울 중구 장충동2가 199-3',
        '02-6110-3321', 'http://data.seoul.go.kr/contents/stn_img/image_3_14.jpg', '332', '323', '321', NULL),
       ('323', '약수', '37.5545053994984', '127.010891666957', '3', 'AVAILABLE', 'S1', '서울 중구 신당동 369-44', '02-6110-3331',
        'http://data.seoul.go.kr/contents/stn_img/image_3_15.jpg', '333', '324', '322', NULL),
       ('324', '금호', '37.548260922874086', '127.01582916945283', '3', 'AVAILABLE', 'S1', '서울 성동구 금호동4가 1470',
        '02-6110-3341', 'http://data.seoul.go.kr/contents/stn_img/image_3_16.jpg', '334', '325', '323', NULL),
       ('325', '옥수', '37.5415662783673', '127.017393782846', '3', 'SOME_AVAILABLE', 'S1', '서울 성동구 옥수동 168-1',
        '02-6110-3351', 'http://data.seoul.go.kr/contents/stn_img/image_3_17.jpg', '335', '326', '324', NULL),
       ('326', '압구정', '37.52649127416921', '127.02850865895756', '3', 'AVAILABLE', 'S1', '서울 강남구 신사동 668',
        '02-6110-3361', 'http://data.seoul.go.kr/contents/stn_img/image_3_18.jpg', '336', '327', '325', NULL),
       ('327', '신사', '37.51643597531432', '127.02030856272764', '3', 'UNAVAILABLE', 'S1', '서울 강남구 신사동 667',
        '02-6110-3371', 'http://data.seoul.go.kr/contents/stn_img/image_3_19.jpg', '337', '328', '326', NULL),
       ('328', '잠원', '37.5128899169357', '127.011419491429', '3', 'AVAILABLE', 'S1', '서울 서초구 잠원동 100-1', '02-6110-3381',
        'http://data.seoul.go.kr/contents/stn_img/image_3_20.jpg', '338', '329', '327', NULL),
       ('329', '고속터미널', '37.50454885557265', '127.00512100872538', '3', 'AVAILABLE', 'S1', '서울 서초구 반포동 19-11',
        '02-6110-3391', 'http://data.seoul.go.kr/contents/stn_img/image_3_21.jpg', '339', '330', '328', NULL),
       ('330', '교대', '37.4927431676548', '127.013867969161', '3', 'SOME_AVAILABLE', 'S1', '서울 서초구 서초동 1748-4',
        '02-6110-3401', 'http://data.seoul.go.kr/contents/stn_img/image_3_22.gif', '340', '331', '329', NULL),
       ('331', '남부터미널', '37.4851996335293', '127.01620028391', '3', 'AVAILABLE', 'S1', '서울 서초구 서초동 1748-30',
        '02-6110-3411', 'http://data.seoul.go.kr/contents/stn_img/image_3_23.jpg', '341', '332', '330', NULL),
       ('332', '양재', '37.48427064954529', '127.03353421731512', '3', 'SOME_AVAILABLE', 'S1', '서울 서초구 서초동 1366-9',
        '02-6110-3421', 'http://data.seoul.go.kr/contents/stn_img/image_3_24.gif', '342', '333', '331', NULL),
       ('333', '매봉', '37.4869394661317', '127.046711448388', '3', 'UNAVAILABLE', 'S1', '서울 강남구 도곡동 179-2',
        '02-6110-3431', 'http://data.seoul.go.kr/contents/stn_img/image_3_25.jpg', '343', '334', '332', NULL),
       ('334', '도곡', '37.49097398162934', '127.05549883514037', '3', 'AVAILABLE', 'S1', '서울 강남구 도곡동 339-2',
        '02-6110-3441', 'http://data.seoul.go.kr/contents/stn_img/image_3_26.jpg', '344', '335', '333', NULL),
       ('335', '대치', '37.4944966528582', '127.063203409529', '3', 'UNAVAILABLE', 'S1', '서울 강남구 대치동 317-3',
        '02-6110-3451', 'http://data.seoul.go.kr/contents/stn_img/image_3_27.jpg', '345', '336', '334', NULL),
       ('336', '학여울', '37.4968851977644', '127.071166599707', '3', 'AVAILABLE', 'S1', '서울 강남구 대치동 514-3',
        '02-6110-3461', 'http://data.seoul.go.kr/contents/stn_img/image_3_28.jpg', '346', '337', '335', NULL),
       ('337', '대청', '37.49370832148055', '127.07952812085006', '3', 'AVAILABLE', 'S1', '서울 강남구 일원동 700-9',
        '02-6110-3471', 'http://data.seoul.go.kr/contents/stn_img/image_3_29.jpg', '347', '338', '336', NULL),
       ('338', '일원', '37.4839886684666', '127.084129757128', '3', 'UNAVAILABLE', 'S1', '서울 강남구 일원동 717', '02-6110-3481',
        'http://data.seoul.go.kr/contents/stn_img/image_3_30.jpg', '348', '339', '337', NULL),
       ('339', '수서', '37.487560248798', '127.102410530715', '3', 'SOME_AVAILABLE', 'S1', '서울 강남구 수서동 728',
        '02-6110-3491', 'http://data.seoul.go.kr/contents/stn_img/image_3_31.jpg', '349', '340', '338', NULL),
       ('340', '가락시장', '37.4922493218664', '127.11764173832', '3', 'AVAILABLE', 'S1', '서울 송파구 가락동 184-23',
        '02-6110-3501', 'http://data.seoul.go.kr/contents/stn_img/image_3_32.jpg', '350', '341', '339', NULL),
       ('341', '경찰병원', '37.4960049150853', '127.124482397777', '3', 'SOME_AVAILABLE', 'S1', '서울 송파구 가락동 10-15',
        '02-6110-3511', 'http://data.seoul.go.kr/contents/stn_img/image_3_33.jpg', '351', '342', '340', NULL),
       ('342', '오금', '37.50232208779385', '127.12848280775154', '3', 'AVAILABLE', 'S1', '서울 송파구 오금동 44-2',
        '02-6110-3521', 'http://data.seoul.go.kr/contents/stn_img/image_3_34.jpg', '352', NULL, '341', NULL),
       ('409', '당고개', '37.6702168353314', '127.079066619316', '4', 'AVAILABLE', 'S1', '서울 노원구 상계동 111', '02-6110-4091',
        'http://data.seoul.go.kr/contents/stn_img/image_4_1.gif', '409', '410', NULL, NULL),
       ('410', '상계', '37.660720544722', '127.073421632239', '4', 'AVAILABLE', 'S1', '서울 노원구 상계동 156-203',
        '02-6110-4101', 'http://data.seoul.go.kr/contents/stn_img/image_4_2.jpg', '410', '411', '409', NULL),
       ('411', '노원', '37.6563403513278', '127.063449137455', '4', 'SOME_AVAILABLE', 'S1', '서울 노원구 상계동 602-5',
        '02-6110-4111', 'http://data.seoul.go.kr/contents/stn_img/image_4_3.jpg', '411', '412', '410', NULL),
       ('412', '창동', '37.6533706449195', '127.04838841056', '4', 'AVAILABLE', 'S1', '서울 도봉구 창동 135-1', '02-6110-4121',
        'http://data.seoul.go.kr/contents/stn_img/image_4_4.jpg', '412', '413', '411', NULL),
       ('413', '쌍문', '37.6485426057036', '127.03465609756', '4', 'AVAILABLE', 'S1', '서울 도봉구 창동 703-4', '02-6110-4131',
        'http://data.seoul.go.kr/contents/stn_img/image_4_5.jpg', '413', '414', '412', NULL),
       ('414', '수유', '37.63788539420793', '127.02550910860451', '4', 'AVAILABLE', 'S1', '서울 강북구 수유동 140',
        '02-6110-4141', 'http://data.seoul.go.kr/contents/stn_img/image_4_6.jpg', '414', '415', '413', NULL),
       ('415', '미아', '37.6266544891889', '127.026041090189', '4', 'AVAILABLE', 'S1', '서울 강북구 미아동 194-1', '02-6110-4151',
        'http://data.seoul.go.kr/contents/stn_img/image_4_7.png', '415', '416', '414', NULL),
       ('416', '미아사거리', '37.61327836400571', '127.03008663628454', '4', 'AVAILABLE', 'S1', '서울 강북구 미아동 66-1', NULL,
        'http://data.seoul.go.kr/contents/stn_img/image_4_8.jpg', '416', '417', '415', NULL),
       ('417', '길음', '37.603394782316634', '127.02506019737066', '4', 'AVAILABLE', 'S1', '서울 성북구 길음동 877-66',
        '02-6110-4171', 'http://data.seoul.go.kr/contents/stn_img/image_4_9.jpg', '417', '418', '416', NULL),
       ('418', '성신여대입구', '37.59296812939267', '127.0171260607647', '4', 'SOME_AVAILABLE', 'S1', '서울 성북구 동선동4가 1',
        '02-6110-4181', 'http://data.seoul.go.kr/contents/stn_img/image_4_10.jpg', '418', '419', '417', NULL),
       ('419', '한성대입구', '37.58842461354086', '127.00601781685579', '4', 'AVAILABLE', 'S1', '서울 성북구 삼선동1가 14',
        '02-6110-4191', 'http://data.seoul.go.kr/contents/stn_img/image_4_11.jpg', '419', '420', '418', NULL),
       ('420', '혜화', '37.58204391787134', '127.00194500977393', '4', 'AVAILABLE', 'S1', '서울 종로구 명륜4가 96-5',
        '02-6110-4201', 'http://data.seoul.go.kr/contents/stn_img/image_4_12.jpg', '420', '421', '419', NULL),
       ('421', '동대문', '37.5709072753658', '127.009313828405', '4', 'AVAILABLE', 'S1', '서울 종로구 종로6가 287-1',
        '02-6110-4211', 'http://data.seoul.go.kr/contents/stn_img/image_4_13.gif', '421', '422', '420', NULL),
       ('422', '동대문역사문화공원', '37.56514370780825', '127.00791523866731', '4', 'UNAVAILABLE', 'S1', '서울 중구 광희동2가 9',
        '02-6110-4221', 'http://data.seoul.go.kr/contents/stn_img/image_4_14.jpg', '422', '423', '421', NULL),
       ('423', '충무로', '37.5615119611571', '126.995255388268', '4', 'AVAILABLE', 'S1', '서울 중구 필동2가 16-2', '02-6110-4231',
        'http://data.seoul.go.kr/contents/stn_img/image_4_15.jpg', '423', '424', '422', NULL),
       ('424', '명동', '37.56096526943837', '126.98640235001736', '4', 'AVAILABLE', 'S1', '서울 중구 충무로2가 109-2',
        '02-6110-4241', 'http://data.seoul.go.kr/contents/stn_img/image_4_16.gif', '424', '425', '423', NULL),
       ('425', '회현', '37.55876114587941', '126.9784372569283', '4', 'AVAILABLE', 'S1', '서울 중구 남창동 64-1', '02-6110-4251',
        'http://data.seoul.go.kr/contents/stn_img/image_4_17.jpg', '425', '426', '424', NULL),
       ('426', '서울역', '37.5530287004642', '126.972644620034', '4', 'SOME_AVAILABLE', 'S1', '서울 용산구 동자동 14-151',
        '02-6110-4261', 'http://data.seoul.go.kr/contents/stn_img/image_4_18.jpg', '426', '427', '425', NULL),
       ('427', '숙대입구', '37.5445952301115', '126.972118127373', '4', 'AVAILABLE', 'S1', '서울 용산구 갈월동 16-7',
        '02-6110-4271', 'http://data.seoul.go.kr/contents/stn_img/image_4_19.jpg', '427', '428', '426', NULL),
       ('428', '삼각지', '37.5344393447708', '126.972922951307', '4', 'SOME_AVAILABLE', 'S1', '서울 용산구 한강로1가 228-1',
        '02-6110-4281', 'http://data.seoul.go.kr/contents/stn_img/image_4_20.jpg', '428', '429', '427', NULL),
       ('429', '신용산', '37.5292591489375', '126.967965039183', '4', 'AVAILABLE', 'S1', '서울 용산구 한강로2가 181',
        '02-6110-4291', 'http://data.seoul.go.kr/contents/stn_img/image_4_21.jpg', '429', '430', '428', NULL),
       ('430', '이촌', '37.522373484615365', '126.97452008954151', '4', 'SOME_AVAILABLE', 'S1', '서울 용산구 용산동5가 17-112',
        '02-6110-4301', 'http://data.seoul.go.kr/contents/stn_img/image_4_22.jpg', '430', '431', '429', NULL),
       ('4305', '논현', '37.5104125196351', '127.021678898276', 'D1', 'AVAILABLE', 'DX', '서울 강남구 논현동 280', NULL, NULL,
        'D5', NULL, NULL, NULL),
       ('4306', '신논현', '37.5036164990854', '127.024926154562', 'D1', 'AVAILABLE', 'DX', '서울 강남구 역삼동 858', NULL, NULL,
        'D6', NULL, NULL, NULL),
       ('4307', '강남', '37.4967771303817', '127.028185245594', 'D1', 'SOME_AVAILABLE', 'DX', '서울 강남구 역삼동 858', NULL,
        NULL, 'D7', '4308', NULL, NULL),
       ('4308', '양재', '37.4834655780476', '127.035154074503', 'D1', 'SOME_AVAILABLE', 'DX', '서울 서초구 서초동 1366-9', NULL,
        NULL, 'D8', '4309', '4307', NULL),
       ('4309', '양재시민의숲', '37.4701332061395', '127.038471341381', 'D1', 'AVAILABLE', 'DX', '서울 서초구 양재동 233-2', NULL,
        NULL, 'D9', '4310', '4308', NULL),
       ('431', '동작', '37.50297957674478', '126.9803148383829', '4', 'AVAILABLE', 'S1', '서울 동작구 동작동 327-1',
        '02-6110-4311', 'http://data.seoul.go.kr/contents/stn_img/image_4_23.jpg', '431', '432', '430', NULL),
       ('4310', '청계산입구', '37.4483547387397', '127.054720327179', 'D1', 'AVAILABLE', 'DX', '서울 서초구 신원동 270-25', NULL,
        NULL, 'D10', NULL, '4309', NULL),
       ('432', '총신대입구', '37.4867995957995', '126.982211871752', '4', 'AVAILABLE', 'S1', '서울 동작구 사당동 736-1',
        '02-6110-4321', 'http://data.seoul.go.kr/contents/stn_img/image_4_24.jpg', '432', '433', '431', NULL),
       ('433', '사당', '37.4775912070902', '126.98169851997', '4', 'UNAVAILABLE', 'S1', '서울 동작구 사당동 588-44',
        '02-6110-4331', 'http://data.seoul.go.kr/contents/stn_img/image_4_25.gif', '433', '434', '432', NULL),
       ('434', '남태령', '37.4642499558525', '126.989085267707', '4', 'AVAILABLE', 'S1', '서울 서초구 방배동 2909', '02-6110-4341',
        'http://data.seoul.go.kr/contents/stn_img/image_4_26.jpg', '434', NULL, '433', NULL),
       ('901', '개화', '37.5783445148797', '126.796891362602', '9', 'AVAILABLE', 'S9', '서울 강서구 개화동 664', NULL, NULL,
        '901', NULL, '902', NULL),
       ('902', '김포공항', '37.56196757232288', '126.80191361988808', '9', 'AVAILABLE', 'S9', '서울 강서구 방화동 886', NULL, NULL,
        '902', '901', '903', NULL),
       ('903', '공항시장', '37.56368922800772', '126.81060964296609', '9', 'AVAILABLE', 'S9', '서울 강서구 공항동 산 20-2', NULL,
        NULL, '903', '902', '904', NULL),
       ('904', '신방화', '37.56748745669626', '126.81723757150974', '9', 'AVAILABLE', 'S9', '서울 강서구 방화동 217-156', NULL,
        NULL, '904', '903', '905', NULL),
       ('905', '마곡나루', '37.5667126094974', '126.827420928424', '9', 'AVAILABLE', 'S9', '서울 강서구 마곡동 760-3', NULL, NULL,
        '905', '904', '906', NULL),
       ('906', '양천향교', '37.5680808809647', '126.841978835328', '9', 'AVAILABLE', 'S9', '서울 강서구 가양동 159-3', NULL, NULL,
        '906', '905', '907', NULL),
       ('907', '가양', '37.56143311719883', '126.85442142615852', '9', 'AVAILABLE', 'S9', '서울 강서구 가양동 14-61', NULL, NULL,
        '907', '906', '908', NULL),
       ('908', '증미', '37.558133059903305', '126.86063675500975', '9', 'AVAILABLE', 'S9', '서울 강서구 등촌동 666-40', NULL,
        NULL, '908', '907', '909', NULL),
       ('909', '등촌', '37.550728980328884', '126.86557100595411', '9', 'AVAILABLE', 'S9', '서울 강서구 등촌동 666-94', NULL,
        NULL, '909', '908', '910', NULL),
       ('910', '염창', '37.546982941543', '126.874871603971', '9', 'AVAILABLE', 'S9', '서울 강서구 염창동 284-84', NULL, NULL,
        '910', '909', '911', NULL),
       ('911', '신목동', '37.5442883741577', '126.883095790252', '9', 'AVAILABLE', 'S9', '서울 양천구 목동 136-2', NULL, NULL,
        '911', '910', '912', NULL),
       ('912', '선유도', '37.53815865606546', '126.89333386450167', '9', 'AVAILABLE', 'S9', '서울 영등포구 양평동5가 66-1', NULL,
        NULL, '912', '911', '913', NULL),
       ('913', '당산', '37.5337892432802', '126.902165052778', '9', 'SOME_AVAILABLE', 'S9', '서울 영등포구 당산동6가 227-1', NULL,
        NULL, '913', '912', '914', NULL),
       ('914', '국회의사당', '37.5281465047706', '126.91783895106', '9', 'AVAILABLE', 'S9', '서울 영등포구 여의도동 1-6', NULL, NULL,
        '914', '913', '915', NULL),
       ('915', '여의도', '37.5211700890445', '126.92466104293', '9', 'AVAILABLE', 'S9', '서울 영등포구 여의도동 2-6', NULL, NULL,
        '915', '914', '916', NULL),
       ('916', '샛강', '37.51737287009036', '126.9283750591322', '9', 'AVAILABLE', 'S9', '서울 영등포구 여의도동 5-6', NULL, NULL,
        '916', '915', '917', NULL),
       ('917', '노량진', '37.5135856714992', '126.940893179777', '9', 'AVAILABLE', 'S9', '서울 동작구 노량진동 60-11', NULL, NULL,
        '917', '916', '918', NULL),
       ('918', '노들', '37.5126721234205', '126.953096069577', '9', 'AVAILABLE', 'S9', '서울 동작구 본동 475-1', NULL, NULL,
        '918', '917', '919', NULL),
       ('919', '흑석', '37.5091654719404', '126.963463063008', '9', 'AVAILABLE', 'S9', '서울 동작구 흑석동 4', NULL, NULL, '919',
        '918', '920', NULL),
       ('920', '동작', '37.502744106282044', '126.97854611382496', '9', 'AVAILABLE', 'S9', '서울 동작구 동작동 326', NULL, NULL,
        '920', '919', '921', NULL),
       ('921', '구반포', '37.5014398319603', '126.987464905696', '9', 'AVAILABLE', 'S9', '서울 서초구 반포동 817', NULL, NULL,
        '921', '920', '922', NULL),
       ('922', '신반포', '37.5035091412544', '126.996082392175', '9', 'AVAILABLE', 'S9', '서울 서초구 반포동 128-1', NULL, NULL,
        '922', '921', '923', NULL),
       ('923', '고속터미널', '37.5059814899483', '127.004211793489', '9', 'AVAILABLE', 'S9', '서울 서초구 반포동 19-11', NULL, NULL,
        '923', '922', '924', NULL),
       ('924', '사평', '37.5042326273953', '127.015272484531', '9', 'AVAILABLE', 'S9', '서울 서초구 반포동 128-7', NULL, NULL,
        '924', '923', '925', NULL),
       ('925', '신논현', '37.504811111562', '127.025492036104', '9', 'AVAILABLE', 'S9', '서울 강남구 역삼동 800', NULL, NULL,
        '925', '924', '926', NULL),
       ('926', '언주', '37.5073353959717', '127.033970921595', '9', 'AVAILABLE', 'S9', '서울 강남구 논현동 279-165',
        '02-2656-0926', 'http://data.seoul.go.kr/contents/stn_img/image_9_1.jpg', '926', '925', '927', NULL),
       ('927', '선정릉', '37.51032431709664', '127.0440148858615', '9', 'AVAILABLE', 'S9', '서울 강남구 삼성동 111-114',
        '02-2656-0927', 'http://data.seoul.go.kr/contents/stn_img/image_9_2.jpg', '927', '926', '928', NULL),
       ('928', '삼성중앙', '37.5129614511319', '127.053043676912', '9', 'AVAILABLE', 'S9', '서울 강남구 삼성동 111-147',
        '02-2656-0928', 'http://data.seoul.go.kr/contents/stn_img/image_9_3.jpg', '928', '927', '929', NULL),
       ('929', '봉은사', '37.5142554489848', '127.060233935114', '9', 'AVAILABLE', 'S9', '서울 강남구 삼성동 172', '02-2656-0929',
        'http://data.seoul.go.kr/contents/stn_img/image_9_4.jpg', '929', '928', '930', NULL),
       ('930', '종합운동장', '37.5114097871778', '127.076324485585', '9', 'SOME_AVAILABLE', 'S9', '서울 송파구 잠실동 122',
        '02-2656-0930', 'http://data.seoul.go.kr/contents/stn_img/image_9_5.jpg', '930', '929', '931', NULL),
       ('931', '삼전', '37.504549097056476', '127.08736363126373', '9', 'AVAILABLE', 'S9', '서울 송파구 잠실동 347',
        '02-2656-0931', 'http://data.seoul.go.kr/contents/stn_img/image_9_6.jpg', '931', '930', '932', NULL),
       ('932', '석촌고분', '37.50246245994369', '127.0965081858022', '9', 'AVAILABLE', 'S9', '서울 송파구 삼전동 157-1',
        '02-2656-0932', 'http://data.seoul.go.kr/contents/stn_img/image_9_7.jpg', '932', '931', '933', NULL),
       ('933', '석촌', '37.504972845773686', '127.10676479806769', '9', 'SOME_AVAILABLE', 'S9', '서울 송파구 석촌동 209',
        '02-2656-0933', 'http://data.seoul.go.kr/contents/stn_img/image_9_8.jpg', '933', '932', '934', NULL),
       ('934', '송파나루', '37.51101671275264', '127.11266171422027', '9', 'AVAILABLE', 'S9', '서울 송파구 방이동 2',
        '02-2656-0934', 'http://data.seoul.go.kr/contents/stn_img/image_9_9.jpg', '934', '933', '935', NULL),
       ('935', '한성백제', '37.5165379932802', '127.116449169971', '9', 'AVAILABLE', 'S9', '서울 송파구 방이동 88-17',
        '02-2656-0935', 'http://data.seoul.go.kr/contents/stn_img/image_9_10.jpg', '935', '934', '936', NULL),
       ('936', '올림픽공원', '37.5161163241813', '127.130252931248', '9', 'SOME_AVAILABLE', 'S9', '서울 송파구 방이동 89-28',
        '02-2656-0936', 'http://data.seoul.go.kr/contents/stn_img/image_9_11.jpg', '936', '935', '937', NULL),
       ('937', '둔촌오륜', '37.51940803726135', '127.13865206962898', '9', 'AVAILABLE', 'S9', '서울 강동구 둔촌동 227-7',
        '02-2656-0937', 'http://data.seoul.go.kr/contents/stn_img/image_9_12.jpg', '937', '936', '938', NULL),
       ('938', '중앙보훈병원', '37.52840258997037', '127.14841167813621', '9', 'AVAILABLE', 'S9', '서울 강동구 둔촌동 8-1',
        '02-2656-0938', 'http://data.seoul.go.kr/contents/stn_img/image_9_13.jpg', '938', '937', NULL, NULL),
       ('D04', '신사', '37.5160820085929', '127.019551734927', 'D1', 'UNAVAILABLE', 'DX', '서울 강남구 신사동 667', NULL, NULL,
        'D4', NULL, NULL, NULL),
       ('K110', '용산', '37.52960692295435', '126.96475753303035', 'K4', 'AVAILABLE', 'KR', '서울 용산구 한강로3가 40-999', NULL,
        NULL, 'K110', 'K111', 'K311', NULL),
       ('K111', '이촌', '37.52241291408466', '126.97354382085399', 'K4', 'SOME_AVAILABLE', 'KR', '서울 용산구 이촌동 17-69', NULL,
        NULL, 'K111', 'K112', 'K110', NULL),
       ('K112', '서빙고', '37.519568139395346', '126.98841094338457', 'K4', 'AVAILABLE', 'KR', '서울 용산구 서빙고동 241-98', NULL,
        NULL, 'K112', 'K113', 'K111', NULL),
       ('K113', '한남', '37.5294289189437', '127.009209110584', 'K4', 'AVAILABLE', 'KR', '서울 용산구 한남동 399-7', NULL, NULL,
        'K113', 'K114', 'K112', NULL),
       ('K114', '옥수', '37.540511901869166', '127.01874455821252', 'K4', 'SOME_AVAILABLE', 'KR', '서울 성동구 옥수동 168-1',
        NULL, NULL, 'K114', 'k115', 'K113', NULL),
       ('k115', '응봉', '37.5499526279456', '127.034483653629', 'K4', 'AVAILABLE', 'KR', '서울 성동구 응봉동 246', NULL, NULL,
        'K115', NULL, 'K114', NULL),
       ('K119', '중랑', '37.5948425975025', '127.075680398461', 'K4', 'AVAILABLE', 'KR', '서울 중랑구 중화동 73-7', NULL, NULL,
        'K119', 'k120', NULL, NULL),
       ('k120', '상봉', '37.59671381067542', '127.08515107127755', 'K4', 'AVAILABLE', 'KR', '서울 중랑구 상봉동 100-9', NULL,
        NULL, 'K120', '188', 'K119', NULL),
       ('K209', '청량리', '37.5808953806814', '127.047847862522', 'K1', 'SOME_AVAILABLE', 'KR', '서울 동대문구 전농동 591-53', NULL,
        NULL, NULL, 'k210', NULL, NULL),
       ('k210', '왕십리', '37.56063982853407', '127.03878380532441', 'K1', 'SOME_AVAILABLE', 'KR', '서울 성동구 행당동 168-151',
        NULL, NULL, NULL, 'k211', 'K209', NULL),
       ('k211', '서울숲', '37.543645796605', '127.044746216358', 'K1', 'AVAILABLE', 'KR', '서울 성동구 성수동1가 656-436', NULL,
        NULL, NULL, 'K212', 'k210', NULL),
       ('K212', '압구정로데오', '37.5275184818021', '127.0406027693898', 'K1', 'AVAILABLE', 'KR', '서울 강남구 압구정동 495', NULL,
        NULL, NULL, 'k213', 'k211', NULL),
       ('k213', '강남구청', '37.5166241449989', '127.04150404599', 'K1', 'AVAILABLE', 'KR', '서울 강남구 삼성동 111-44', NULL, NULL,
        NULL, 'K214', 'K212', NULL),
       ('K214', '선정릉', '37.5109326388803', '127.043627289129', 'K1', 'AVAILABLE', 'KR', '서울 강남구 삼성동 111-114', NULL,
        NULL, NULL, 'K215', 'k213', NULL),
       ('K215', '선릉', '37.505167825521674', '127.04870992465413', 'K1', 'SOME_AVAILABLE', 'KR', '서울 강남구 삼성동 172-66',
        NULL, NULL, NULL, 'k216', 'K214', NULL),
       ('k216', '한티', '37.4962857047653', '127.052909749417', 'K1', 'AVAILABLE', 'KR', '서울 강남구 대치동 1011-28', NULL, NULL,
        NULL, 'k217', 'K215', NULL),
       ('k217', '도곡', '37.491628295881874', '127.05510807289598', 'K1', 'AVAILABLE', 'KR', '서울 강남구 도곡동 339-2', NULL,
        NULL, NULL, 'k218', 'k216', NULL),
       ('k218', '구룡', '37.4870274262116', '127.059492941655', 'K1', 'AVAILABLE', 'KR', '서울 강남구 개포동 175-3', NULL, NULL,
        NULL, 'K219', 'k217', NULL),
       ('K219', '개포동', '37.4891394691891', '127.066120707828', 'K1', 'AVAILABLE', 'KR', '서울 강남구 개포동 195', NULL, NULL,
        NULL, 'k220', 'k218', NULL),
       ('k220', '대모산입구', '37.4915500752654', '127.073070274916', 'K1', 'AVAILABLE', 'KR', '서울 강남구 일원동 700-1', NULL,
        NULL, NULL, 'k221', 'K219', NULL),
       ('k221', '수서', '37.48737530248858', '127.10164479068416', 'K1', 'SOME_AVAILABLE', 'KR', '서울 강남구 수서동 728', NULL,
        NULL, NULL, 'K222', 'k220', NULL),
       ('K222', '복정', '37.46904181976967', '127.12657757539301', 'K1', 'AVAILABLE', 'KR', '서울 송파구 장지동 596-21', NULL,
        NULL, NULL, NULL, 'k221', NULL),
       ('K311', '효창공원앞', '37.53860552677497', '126.96282412672662', 'K4', 'AVAILABLE', 'KR', '서울 용산구 효창동 80', NULL,
        NULL, 'K826', 'K110', '0312', NULL),
       ('K313', '서강대', '37.5521384864879', '126.935507621173', 'K4', 'AVAILABLE', 'KR', '서울 마포구 노고산동 112-5', NULL, NULL,
        'K313', '0312', 'K314', NULL),
       ('K314', '홍대입구', '37.5574494922411', '126.927118938976', 'K4', 'SOME_AVAILABLE', 'KR', '서울 마포구 동교동 190-1', NULL,
        NULL, 'K314', 'K313', 'K315', NULL),
       ('K315', '가좌', '37.5687433529646', '126.914815128053', 'K4', 'AVAILABLE', 'KR', '서울 서대문구 남가좌동 293-64', NULL,
        NULL, 'K315', NULL, 'K316', 'K314'),
       ('K316', '디지털미디어시티', '37.57740168656261', '126.90069067398757', 'K4', 'SOME_AVAILABLE', 'KR', '서울 은평구 수색동 37-2',
        NULL, NULL, 'K316', 'K315', 'K317', NULL),
       ('K317', '수색', '37.5808625683358', '126.895659474538', 'K4', 'AVAILABLE', 'KR', '서울 은평구 수색동 81', NULL, NULL,
        'K317', 'K316', NULL, NULL),
       ('P141', '구로', '37.50334155631282', '126.88230806229326', '1', 'AVAILABLE', 'KR', '서울 구로구 구로동 585-3', NULL, NULL,
        NULL, '0142', '140', 'P142'),
       ('P142', '가산디지털단지', '37.4815311901749', '126.882614758479', '1', 'AVAILABLE', 'KR', '서울 금천구 가산동 468-4', NULL,
        NULL, NULL, 'P143', 'P141', NULL),
       ('P143', '독산', '37.46597376787178', '126.88947790336374', '1', 'AVAILABLE', 'KR', '서울 금천구 가산동 717', NULL, NULL,
        NULL, 'P144', 'P142', NULL),
       ('P144', '금천구청', '37.4561943743749', '126.893608614581', '1', 'AVAILABLE', 'KR', '서울 금천구 시흥동 113-55', NULL, NULL,
        NULL, NULL, 'P143', NULL);
/*!40000 ALTER TABLE `station` ENABLE KEYS */;
UNLOCK
TABLES;

--
-- Table structure for table `station_elevator`
--

DROP TABLE IF EXISTS `station_elevator`;
/*!40101 SET @saved_cs_client     = @@character_set_client */;
/*!50503 SET character_set_client = utf8mb4 */;
CREATE TABLE `station_elevator`
(
    `station_id`  varchar(6) NOT NULL,
    `elevator_id` int        NOT NULL,
    PRIMARY KEY (`station_id`, `elevator_id`),
    KEY           `elevator_id` (`elevator_id`),
    CONSTRAINT `station_elevator_ibfk_1` FOREIGN KEY (`station_id`) REFERENCES `station` (`station_id`) ON UPDATE CASCADE,
    CONSTRAINT `station_elevator_ibfk_2` FOREIGN KEY (`elevator_id`) REFERENCES `elevator` (`elevator_id`)
) ENGINE=InnoDB DEFAULT CHARSET=utf8mb4 COLLATE=utf8mb4_0900_ai_ci;
/*!40101 SET character_set_client = @saved_cs_client */;

--
-- Dumping data for table `station_elevator`
--

LOCK
TABLES `station_elevator` WRITE;
/*!40000 ALTER TABLE `station_elevator` DISABLE KEYS */;
INSERT INTO `station_elevator`
VALUES ('151', 23),
       ('201', 23),
       ('151', 24),
       ('201', 24),
       ('151', 26),
       ('201', 26),
       ('202', 27),
       ('202', 28),
       ('203', 29),
       ('320', 29),
       ('203', 30),
       ('320', 30),
       ('204', 31),
       ('2536', 31),
       ('204', 32),
       ('2536', 32),
       ('205', 33),
       ('2537', 33),
       ('422', 33),
       ('207', 34),
       ('207', 35),
       ('208', 37),
       ('2541', 37),
       ('k210', 37),
       ('208', 38),
       ('2541', 38),
       ('k210', 38),
       ('209', 39),
       ('210', 40),
       ('210', 41),
       ('211', 42),
       ('211', 43),
       ('212', 44),
       ('2729', 44),
       ('212', 45),
       ('2729', 45),
       ('212', 46),
       ('2729', 46),
       ('213', 47),
       ('215', 48),
       ('216', 49),
       ('2815', 49),
       ('216', 50),
       ('2815', 50),
       ('216', 51),
       ('2815', 51),
       ('217', 52),
       ('217', 53),
       ('218', 54),
       ('930', 54),
       ('218', 55),
       ('930', 55),
       ('219', 56),
       ('219', 57),
       ('219', 58),
       ('219', 59),
       ('220', 60),
       ('K215', 60),
       ('220', 61),
       ('K215', 61),
       ('220', 62),
       ('K215', 62),
       ('221', 63),
       ('221', 64),
       ('221', 65),
       ('222', 66),
       ('4307', 66),
       ('222', 68),
       ('4307', 68),
       ('222', 69),
       ('4307', 69),
       ('222', 70),
       ('4307', 70),
       ('222', 71),
       ('4307', 71),
       ('223', 72),
       ('330', 72),
       ('223', 73),
       ('330', 73),
       ('224', 74),
       ('224', 75),
       ('225', 76),
       ('226', 77),
       ('433', 77),
       ('226', 78),
       ('433', 78),
       ('226', 79),
       ('433', 79),
       ('226', 80),
       ('433', 80),
       ('227', 81),
       ('228', 82),
       ('228', 83),
       ('229', 84),
       ('230', 85),
       ('230', 86),
       ('230', 87),
       ('230', 88),
       ('230', 89),
       ('231', 90),
       ('232', 91),
       ('232', 92),
       ('233', 93),
       ('2746', 93),
       ('233', 94),
       ('2746', 94),
       ('233', 95),
       ('2746', 95),
       ('234', 96),
       ('234', 97),
       ('234', 98),
       ('234-4', 99),
       ('2519', 99),
       ('236', 100),
       ('2524', 100),
       ('237', 102),
       ('913', 102),
       ('237', 104),
       ('913', 104),
       ('237', 105),
       ('913', 105),
       ('238', 106),
       ('2623', 106),
       ('239', 107),
       ('K314', 107),
       ('239', 108),
       ('K314', 108),
       ('239', 110),
       ('K314', 110),
       ('240', 111),
       ('240', 112),
       ('241', 113),
       ('242', 114),
       ('242', 115),
       ('243', 116),
       ('2532', 116),
       ('243', 117),
       ('2532', 117),
       ('156', 118),
       ('246', 118),
       ('156', 119),
       ('246', 119),
       ('156', 120),
       ('246', 120),
       ('156', 121),
       ('246', 121),
       ('156', 122),
       ('246', 122),
       ('248', 123),
       ('249', 124),
       ('250', 125),
       ('250', 126),
       ('901', 154),
       ('2513', 155),
       ('902', 155),
       ('2513', 156),
       ('902', 156),
       ('2513', 157),
       ('902', 157),
       ('903', 158),
       ('904', 159),
       ('904', 160),
       ('905', 161),
       ('905', 162),
       ('905', 163),
       ('905', 164),
       ('905', 165),
       ('906', 166),
       ('906', 167),
       ('907', 168),
       ('907', 169),
       ('908', 170),
       ('909', 171),
       ('910', 172),
       ('910', 173),
       ('910', 174),
       ('911', 175),
       ('911', 176),
       ('912', 177),
       ('912', 178),
       ('912', 179),
       ('913', 180),
       ('913', 181),
       ('914', 182),
       ('2527', 183),
       ('915', 183),
       ('916', 184),
       ('916', 185),
       ('917', 186),
       ('917', 187),
       ('917', 188),
       ('918', 189),
       ('918', 190),
       ('918', 191),
       ('919', 192),
       ('919', 193),
       ('431', 194),
       ('920', 194),
       ('431', 195),
       ('920', 195),
       ('921', 196),
       ('921', 197),
       ('922', 198),
       ('922', 199),
       ('2736', 200),
       ('329', 200),
       ('923', 200),
       ('2736', 201),
       ('329', 201),
       ('923', 201),
       ('2736', 202),
       ('329', 202),
       ('923', 202),
       ('924', 203),
       ('924', 204),
       ('4306', 205),
       ('925', 205),
       ('4306', 206),
       ('925', 206),
       ('152', 208),
       ('152', 209),
       ('153', 210),
       ('2535', 210),
       ('319', 210),
       ('153', 211),
       ('2535', 211),
       ('319', 211),
       ('153', 212),
       ('2535', 212),
       ('319', 212),
       ('155', 213),
       ('421', 213),
       ('155', 214),
       ('421', 214),
       ('157', 215),
       ('158', 216),
       ('K209', 216),
       ('158', 217),
       ('K209', 217),
       ('159', 218),
       ('2637', 218),
       ('159', 219),
       ('2637', 219),
       ('2511', 220),
       ('2512', 221),
       ('2514', 222),
       ('2514', 223),
       ('2515', 224),
       ('2515', 225),
       ('2515', 226),
       ('2516', 227),
       ('2516', 228),
       ('2516', 229),
       ('2517', 230),
       ('2518', 231),
       ('2521', 232),
       ('2522', 233),
       ('2522', 234),
       ('2525', 235),
       ('2528', 236),
       ('2529', 237),
       ('2529', 238),
       ('2529', 239),
       ('0312', 240),
       ('2530', 240),
       ('2627', 240),
       ('0312', 241),
       ('2530', 241),
       ('2627', 241),
       ('0312', 242),
       ('2530', 242),
       ('2627', 242),
       ('2531', 243),
       ('2531', 244),
       ('2533', 245),
       ('2533', 246),
       ('2533', 247),
       ('2538', 248),
       ('2635', 248),
       ('2538', 249),
       ('2635', 249),
       ('2539', 250),
       ('2540', 251),
       ('2541', 252),
       ('k210', 252),
       ('2543', 253),
       ('2543', 254),
       ('2544', 255),
       ('2544', 256),
       ('2545', 257),
       ('2727', 257),
       ('2545', 258),
       ('2727', 258),
       ('2546', 259),
       ('2547', 260),
       ('2547', 261),
       ('2548', 262),
       ('2812', 262),
       ('2549', 263),
       ('2549', 264),
       ('2550', 265),
       ('2551', 266),
       ('2552', 267),
       ('2553', 268),
       ('2553', 269),
       ('2554', 270),
       ('2554', 271),
       ('2554', 272),
       ('2555', 273),
       ('2556', 274),
       ('936', 274),
       ('2556', 275),
       ('936', 275),
       ('2556', 276),
       ('936', 276),
       ('2557', 277),
       ('2557', 278),
       ('2558', 279),
       ('342', 279),
       ('2558', 280),
       ('342', 280),
       ('2559', 281),
       ('2560', 282),
       ('2562', 283),
       ('2562', 284),
       ('2562', 285),
       ('2611', 286),
       ('2612', 287),
       ('2613', 288),
       ('312', 288),
       ('2614', 289),
       ('2615', 290),
       ('311', 290),
       ('2616', 291),
       ('2617', 292),
       ('2618', 293),
       ('2619', 294),
       ('K316', 294),
       ('2619', 295),
       ('K316', 295),
       ('2619', 296),
       ('K316', 296),
       ('2619', 297),
       ('K316', 297),
       ('2620', 298),
       ('2620', 299),
       ('2621', 300),
       ('2621', 301),
       ('2621', 302),
       ('2622', 303),
       ('2624', 304),
       ('2625', 305),
       ('2628', 306),
       ('K311', 306),
       ('2629', 307),
       ('428', 307),
       ('2629', 308),
       ('428', 308),
       ('2629', 309),
       ('428', 309),
       ('2629', 310),
       ('428', 310),
       ('2629', 311),
       ('428', 311),
       ('2629', 312),
       ('428', 312),
       ('2630', 313),
       ('2631', 314),
       ('2632', 315),
       ('2633', 316),
       ('2634', 317),
       ('323', 317),
       ('2638', 318),
       ('2638', 319),
       ('2639', 320),
       ('2640', 321),
       ('2641', 322),
       ('2641', 323),
       ('2642', 324),
       ('2643', 325),
       ('2644', 326),
       ('2645', 327),
       ('2645', 328),
       ('2645', 329),
       ('2646', 330),
       ('2719', 330),
       ('2646', 331),
       ('2719', 331),
       ('2646', 332),
       ('2719', 332),
       ('2647', 333),
       ('2647', 334),
       ('2648', 335),
       ('2648', 336),
       ('2649', 337),
       ('2649', 338),
       ('2649', 339),
       ('2712', 340),
       ('2712', 341),
       ('2712', 342),
       ('2713', 343),
       ('2713', 344),
       ('2714', 345),
       ('2714', 346),
       ('2714', 347),
       ('2715', 348),
       ('411', 348),
       ('2715', 349),
       ('411', 349),
       ('2715', 350),
       ('411', 350),
       ('2715', 351),
       ('411', 351),
       ('2715', 352),
       ('411', 352),
       ('2715', 353),
       ('411', 353),
       ('2716', 354),
       ('2716', 355),
       ('2717', 356),
       ('2717', 357),
       ('2717', 358),
       ('2718', 359),
       ('2720', 360),
       ('2721', 361),
       ('2722', 362),
       ('k120', 362),
       ('2722', 363),
       ('k120', 363),
       ('2722', 364),
       ('k120', 364),
       ('2723', 365),
       ('2724', 366),
       ('2725', 367),
       ('2726', 368),
       ('2728', 369),
       ('2728', 370),
       ('2730', 371),
       ('2731', 372),
       ('2731', 373),
       ('2732', 374),
       ('k213', 374),
       ('2732', 375),
       ('k213', 375),
       ('2732', 376),
       ('k213', 376),
       ('2732', 377),
       ('k213', 377),
       ('2733', 378),
       ('2734', 379),
       ('4305', 379),
       ('2735', 380),
       ('2735', 381),
       ('2737', 382),
       ('2737', 383),
       ('2738', 384),
       ('2738', 385),
       ('2738', 386),
       ('2739', 387),
       ('2740', 388),
       ('2740', 389),
       ('2741', 390),
       ('2742', 391),
       ('2743', 392),
       ('2744', 393),
       ('2745', 394),
       ('2745', 395),
       ('2745', 396),
       ('2748', 397),
       ('2748', 398),
       ('2748', 399),
       ('2751', 400),
       ('2751', 401),
       ('2752', 402),
       ('2752', 403),
       ('2752', 404),
       ('2752', 405),
       ('2752', 406),
       ('2752', 407),
       ('2752', 408),
       ('2811', 409),
       ('2813', 410),
       ('2814', 411),
       ('2816', 412),
       ('933', 412),
       ('2816', 413),
       ('933', 413),
       ('2817', 414),
       ('2818', 415),
       ('340', 415),
       ('2818', 416),
       ('340', 416),
       ('2818', 417),
       ('340', 417),
       ('2819', 418),
       ('2820', 419),
       ('2820', 420),
       ('310', 421),
       ('313', 422),
       ('313', 423),
       ('314', 424),
       ('314', 425),
       ('315', 426),
       ('316', 427),
       ('317', 428),
       ('318', 429),
       ('321', 430),
       ('423', 430),
       ('322', 431),
       ('324', 432),
       ('324', 433),
       ('325', 434),
       ('K114', 434),
       ('325', 435),
       ('K114', 435),
       ('326', 436),
       ('326', 437),
       ('327', 438),
       ('D04', 438),
       ('327', 439),
       ('D04', 439),
       ('328', 440),
       ('328', 441),
       ('331', 442),
       ('332', 443),
       ('4308', 443),
       ('332', 444),
       ('4308', 444),
       ('332', 445),
       ('4308', 445),
       ('332', 446),
       ('4308', 446),
       ('333', 447),
       ('333', 448),
       ('334', 449),
       ('k217', 449),
       ('335', 450),
       ('336', 451),
       ('337', 452),
       ('337', 453),
       ('338', 454),
       ('338', 455),
       ('339', 456),
       ('k221', 456),
       ('339', 457),
       ('k221', 457),
       ('341', 458),
       ('341', 459),
       ('412', 460),
       ('412', 461),
       ('412', 462),
       ('413', 463),
       ('414', 464),
       ('415', 465),
       ('415', 466),
       ('416', 467),
       ('416', 468),
       ('417', 469),
       ('417', 470),
       ('418', 471),
       ('418', 472),
       ('419', 473),
       ('419', 474),
       ('420', 475),
       ('420', 476),
       ('425', 477),
       ('425', 478),
       ('425', 479),
       ('427', 480),
       ('429', 481),
       ('429', 482),
       ('430', 483),
       ('K111', 483),
       ('430', 484),
       ('K111', 484),
       ('430', 485),
       ('K111', 485),
       ('430', 486),
       ('K111', 486),
       ('432', 487),
       ('432', 488),
       ('434', 489),
       ('926', 490),
       ('926', 491),
       ('927', 492),
       ('K214', 492),
       ('927', 493),
       ('K214', 493),
       ('928', 494),
       ('928', 495),
       ('929', 496),
       ('929', 497),
       ('932', 498),
       ('932', 499),
       ('932', 500),
       ('932', 501),
       ('934', 502),
       ('934', 503),
       ('934', 504),
       ('934', 505),
       ('935', 506),
       ('935', 507),
       ('937', 508),
       ('937', 509),
       ('938', 510),
       ('938', 511),
       ('938', 512),
       ('150', 513),
       ('426', 513),
       ('150', 515),
       ('426', 515),
       ('150', 516),
       ('426', 516),
       ('150', 517),
       ('426', 517),
       ('150', 518),
       ('426', 518),
       ('150', 519),
       ('426', 519),
       ('0399', 520),
       ('0399', 521),
       ('188', 524),
       ('188', 525),
       ('4307', 526),
       ('4309', 527),
       ('4309', 528),
       ('4310', 529),
       ('K110', 530),
       ('K110', 531),
       ('K112', 532),
       ('K112', 533),
       ('K313', 534),
       ('K313', 535),
       ('K314', 536),
       ('K315', 537),
       ('K315', 538),
       ('K315', 539),
       ('K315', 540),
       ('k211', 541),
       ('k211', 542),
       ('K212', 543),
       ('K212', 544),
       ('k216', 545),
       ('k216', 546),
       ('k218', 547),
       ('k218', 548),
       ('K219', 549),
       ('K219', 550),
       ('k220', 551),
       ('k220', 552);
/*!40000 ALTER TABLE `station_elevator` ENABLE KEYS */;
UNLOCK
TABLES;

--
-- Table structure for table `station_exits`
--

DROP TABLE IF EXISTS `station_exits`;
/*!40101 SET @saved_cs_client     = @@character_set_client */;
/*!50503 SET character_set_client = utf8mb4 */;
CREATE TABLE `station_exits`
(
    `station_id` varchar(6) NOT NULL,
    `exit_id`    int        NOT NULL,
    PRIMARY KEY (`station_id`, `exit_id`),
    KEY          `exit_id` (`exit_id`),
    CONSTRAINT `station_exits_ibfk_1` FOREIGN KEY (`station_id`) REFERENCES `station` (`station_id`) ON UPDATE CASCADE,
    CONSTRAINT `station_exits_ibfk_2` FOREIGN KEY (`exit_id`) REFERENCES `exits` (`exit_id`)
) ENGINE=InnoDB DEFAULT CHARSET=utf8mb4 COLLATE=utf8mb4_0900_ai_ci;
/*!40101 SET character_set_client = @saved_cs_client */;

--
-- Dumping data for table `station_exits`
--

LOCK
TABLES `station_exits` WRITE;
/*!40000 ALTER TABLE `station_exits` DISABLE KEYS */;
INSERT INTO `station_exits`
VALUES ('151', 1),
       ('201', 1),
       ('151', 2),
       ('201', 2),
       ('151', 3),
       ('201', 3),
       ('151', 4),
       ('201', 4),
       ('151', 5),
       ('201', 5),
       ('151', 6),
       ('201', 6),
       ('151', 7),
       ('201', 7),
       ('151', 8),
       ('201', 8),
       ('151', 9),
       ('201', 9),
       ('151', 10),
       ('201', 10),
       ('151', 11),
       ('201', 11),
       ('151', 12),
       ('201', 12),
       ('202', 13),
       ('202', 14),
       ('202', 15),
       ('202', 16),
       ('202', 17),
       ('202', 18),
       ('202', 19),
       ('202', 20),
       ('202', 21),
       ('203', 22),
       ('320', 22),
       ('203', 23),
       ('320', 23),
       ('203', 24),
       ('320', 24),
       ('203', 25),
       ('320', 25),
       ('203', 26),
       ('320', 26),
       ('203', 27),
       ('320', 27),
       ('203', 28),
       ('320', 28),
       ('203', 29),
       ('320', 29),
       ('203', 30),
       ('320', 30),
       ('203', 31),
       ('320', 31),
       ('203', 32),
       ('320', 32),
       ('203', 33),
       ('320', 33),
       ('204', 34),
       ('2536', 34),
       ('204', 35),
       ('2536', 35),
       ('204', 36),
       ('2536', 36),
       ('204', 37),
       ('2536', 37),
       ('204', 38),
       ('2536', 38),
       ('204', 39),
       ('2536', 39),
       ('204', 40),
       ('2536', 40),
       ('204', 41),
       ('2536', 41),
       ('204', 42),
       ('2536', 42),
       ('204', 43),
       ('2536', 43),
       ('205', 44),
       ('2537', 44),
       ('422', 44),
       ('205', 45),
       ('2537', 45),
       ('422', 45),
       ('205', 46),
       ('2537', 46),
       ('422', 46),
       ('205', 47),
       ('2537', 47),
       ('422', 47),
       ('205', 48),
       ('2537', 48),
       ('422', 48),
       ('205', 49),
       ('2537', 49),
       ('422', 49),
       ('205', 50),
       ('2537', 50),
       ('422', 50),
       ('205', 51),
       ('2537', 51),
       ('422', 51),
       ('205', 52),
       ('2537', 52),
       ('422', 52),
       ('205', 53),
       ('2537', 53),
       ('422', 53),
       ('205', 54),
       ('2537', 54),
       ('422', 54),
       ('205', 55),
       ('2537', 55),
       ('422', 55),
       ('205', 56),
       ('2537', 56),
       ('422', 56),
       ('205', 57),
       ('2537', 57),
       ('422', 57),
       ('206', 58),
       ('2636', 58),
       ('206', 59),
       ('2636', 59),
       ('206', 60),
       ('2636', 60),
       ('206', 61),
       ('2636', 61),
       ('206', 62),
       ('2636', 62),
       ('206', 63),
       ('2636', 63),
       ('206', 64),
       ('2636', 64),
       ('206', 65),
       ('2636', 65),
       ('206', 66),
       ('2636', 66),
       ('206', 67),
       ('2636', 67),
       ('206', 68),
       ('2636', 68),
       ('206', 69),
       ('2636', 69),
       ('206', 70),
       ('2636', 70),
       ('207', 71),
       ('207', 72),
       ('207', 73),
       ('207', 74),
       ('207', 75),
       ('207', 76),
       ('207', 77),
       ('208', 78),
       ('2541', 78),
       ('k210', 78),
       ('208', 79),
       ('2541', 79),
       ('k210', 79),
       ('208', 80),
       ('2541', 80),
       ('k210', 80),
       ('208', 81),
       ('2541', 81),
       ('k210', 81),
       ('208', 82),
       ('2541', 82),
       ('k210', 82),
       ('208', 83),
       ('2541', 83),
       ('k210', 83),
       ('208', 84),
       ('2541', 84),
       ('k210', 84),
       ('208', 85),
       ('2541', 85),
       ('k210', 85),
       ('208', 86),
       ('2541', 86),
       ('k210', 86),
       ('208', 87),
       ('2541', 87),
       ('k210', 87),
       ('208', 88),
       ('2541', 88),
       ('k210', 88),
       ('208', 89),
       ('2541', 89),
       ('k210', 89),
       ('208', 90),
       ('2541', 90),
       ('k210', 90),
       ('208', 91),
       ('2541', 91),
       ('k210', 91),
       ('209', 92),
       ('209', 93),
       ('209', 94),
       ('209', 95),
       ('210', 96),
       ('210', 97),
       ('210', 98),
       ('210', 99),
       ('210', 100),
       ('210', 101),
       ('210', 102),
       ('210', 103),
       ('211', 104),
       ('211', 105),
       ('211', 106),
       ('211', 107),
       ('212', 108),
       ('2729', 108),
       ('212', 109),
       ('2729', 109),
       ('212', 110),
       ('2729', 110),
       ('212', 111),
       ('2729', 111),
       ('212', 112),
       ('2729', 112),
       ('212', 113),
       ('2729', 113),
       ('213', 114),
       ('213', 115),
       ('213', 116),
       ('213', 117),
       ('214', 118),
       ('214', 119),
       ('214', 120),
       ('214', 121),
       ('215', 122),
       ('215', 123),
       ('215', 124),
       ('215', 125),
       ('216', 126),
       ('2815', 126),
       ('216', 127),
       ('2815', 127),
       ('216', 128),
       ('2815', 128),
       ('216', 129),
       ('2815', 129),
       ('216', 130),
       ('2815', 130),
       ('216', 131),
       ('2815', 131),
       ('216', 132),
       ('2815', 132),
       ('216', 133),
       ('2815', 133),
       ('216', 134),
       ('2815', 134),
       ('216', 135),
       ('2815', 135),
       ('216', 136),
       ('2815', 136),
       ('216', 137),
       ('2815', 137),
       ('217', 138),
       ('217', 139),
       ('217', 140),
       ('217', 141),
       ('217', 142),
       ('217', 143),
       ('217', 144),
       ('217', 145),
       ('218', 146),
       ('930', 146),
       ('218', 147),
       ('930', 147),
       ('218', 148),
       ('930', 148),
       ('218', 149),
       ('930', 149),
       ('218', 150),
       ('930', 150),
       ('218', 151),
       ('930', 151),
       ('218', 152),
       ('930', 152),
       ('218', 153),
       ('930', 153),
       ('218', 154),
       ('930', 154),
       ('219', 155),
       ('219', 156),
       ('219', 157),
       ('219', 158),
       ('219', 159),
       ('219', 160),
       ('219', 161),
       ('219', 162),
       ('220', 163),
       ('K215', 163),
       ('220', 164),
       ('K215', 164),
       ('220', 165),
       ('K215', 165),
       ('220', 166),
       ('K215', 166),
       ('220', 167),
       ('K215', 167),
       ('220', 168),
       ('K215', 168),
       ('220', 169),
       ('K215', 169),
       ('220', 170),
       ('K215', 170),
       ('220', 171),
       ('K215', 171),
       ('220', 172),
       ('K215', 172),
       ('221', 173),
       ('221', 174),
       ('221', 175),
       ('221', 176),
       ('221', 177),
       ('221', 178),
       ('221', 179),
       ('221', 180),
       ('222', 181),
       ('4307', 181),
       ('222', 182),
       ('4307', 182),
       ('222', 183),
       ('4307', 183),
       ('222', 184),
       ('4307', 184),
       ('222', 185),
       ('4307', 185),
       ('222', 186),
       ('4307', 186),
       ('222', 187),
       ('4307', 187),
       ('222', 188),
       ('4307', 188),
       ('222', 189),
       ('4307', 189),
       ('222', 190),
       ('4307', 190),
       ('222', 191),
       ('4307', 191),
       ('222', 192),
       ('4307', 192),
       ('223', 193),
       ('330', 193),
       ('223', 194),
       ('330', 194),
       ('223', 195),
       ('330', 195),
       ('223', 196),
       ('330', 196),
       ('223', 197),
       ('330', 197),
       ('223', 198),
       ('330', 198),
       ('223', 199),
       ('330', 199),
       ('223', 200),
       ('330', 200),
       ('223', 201),
       ('330', 201),
       ('223', 202),
       ('330', 202),
       ('223', 203),
       ('330', 203),
       ('223', 204),
       ('330', 204),
       ('223', 205),
       ('330', 205),
       ('224', 206),
       ('224', 207),
       ('224', 208),
       ('224', 209),
       ('224', 210),
       ('224', 211),
       ('224', 212),
       ('224', 213),
       ('225', 214),
       ('225', 215),
       ('225', 216),
       ('225', 217),
       ('226', 218),
       ('433', 218),
       ('226', 219),
       ('433', 219),
       ('226', 220),
       ('433', 220),
       ('226', 221),
       ('433', 221),
       ('226', 222),
       ('433', 222),
       ('226', 223),
       ('433', 223),
       ('226', 224),
       ('433', 224),
       ('226', 225),
       ('433', 225),
       ('226', 226),
       ('433', 226),
       ('226', 227),
       ('433', 227),
       ('226', 228),
       ('433', 228),
       ('226', 229),
       ('433', 229),
       ('226', 230),
       ('433', 230),
       ('226', 231),
       ('433', 231),
       ('227', 232),
       ('227', 233),
       ('227', 234),
       ('227', 235),
       ('227', 236),
       ('227', 237),
       ('227', 238),
       ('227', 239),
       ('228', 240),
       ('228', 241),
       ('228', 242),
       ('228', 243),
       ('228', 244),
       ('228', 245),
       ('228', 246),
       ('228', 247),
       ('229', 248),
       ('229', 249),
       ('229', 250),
       ('229', 251),
       ('229', 252),
       ('229', 253),
       ('230', 254),
       ('230', 255),
       ('230', 256),
       ('230', 257),
       ('230', 258),
       ('230', 259),
       ('230', 260),
       ('230', 261),
       ('231', 262),
       ('231', 263),
       ('231', 264),
       ('231', 265),
       ('232', 266),
       ('232', 267),
       ('232', 268),
       ('232', 269),
       ('232', 270),
       ('232', 271),
       ('233', 272),
       ('2746', 272),
       ('233', 273),
       ('2746', 273),
       ('233', 274),
       ('2746', 274),
       ('233', 275),
       ('2746', 275),
       ('233', 276),
       ('2746', 276),
       ('233', 277),
       ('2746', 277),
       ('233', 278),
       ('2746', 278),
       ('233', 279),
       ('2746', 279),
       ('233', 280),
       ('2746', 280),
       ('233', 281),
       ('2746', 281),
       ('233', 282),
       ('2746', 282),
       ('233', 283),
       ('2746', 283),
       ('234', 284),
       ('234', 285),
       ('234', 286),
       ('234', 287),
       ('234', 288),
       ('234', 289),
       ('234-4', 290),
       ('2519', 290),
       ('234-4', 291),
       ('2519', 291),
       ('234-4', 292),
       ('2519', 292),
       ('234-4', 293),
       ('2519', 293),
       ('235', 294),
       ('235', 295),
       ('235', 296),
       ('235', 297),
       ('235', 298),
       ('235', 299),
       ('235', 300),
       ('236', 301),
       ('2524', 301),
       ('236', 302),
       ('2524', 302),
       ('236', 303),
       ('2524', 303),
       ('236', 304),
       ('2524', 304),
       ('236', 305),
       ('2524', 305),
       ('236', 306),
       ('2524', 306),
       ('236', 307),
       ('2524', 307),
       ('237', 308),
       ('913', 308),
       ('237', 309),
       ('913', 309),
       ('237', 310),
       ('913', 310),
       ('237', 311),
       ('913', 311),
       ('237', 312),
       ('913', 312),
       ('237', 313),
       ('913', 313),
       ('237', 314),
       ('913', 314),
       ('237', 315),
       ('913', 315),
       ('237', 316),
       ('913', 316),
       ('237', 317),
       ('913', 317),
       ('237', 318),
       ('913', 318),
       ('237', 319),
       ('913', 319),
       ('237', 320),
       ('913', 320),
       ('238', 321),
       ('2623', 321),
       ('238', 322),
       ('2623', 322),
       ('238', 323),
       ('2623', 323),
       ('238', 324),
       ('2623', 324),
       ('238', 325),
       ('2623', 325),
       ('238', 326),
       ('2623', 326),
       ('238', 327),
       ('2623', 327),
       ('238', 328),
       ('2623', 328),
       ('238', 329),
       ('2623', 329),
       ('238', 330),
       ('2623', 330),
       ('239', 331),
       ('K314', 331),
       ('239', 332),
       ('K314', 332),
       ('239', 333),
       ('K314', 333),
       ('239', 334),
       ('K314', 334),
       ('239', 335),
       ('K314', 335),
       ('239', 336),
       ('K314', 336),
       ('239', 337),
       ('K314', 337),
       ('239', 338),
       ('K314', 338),
       ('239', 339),
       ('K314', 339),
       ('240', 340),
       ('240', 341),
       ('240', 342),
       ('240', 343),
       ('240', 344),
       ('240', 345),
       ('240', 346),
       ('240', 347),
       ('241', 348),
       ('241', 349),
       ('241', 350),
       ('241', 351),
       ('241', 352),
       ('241', 353),
       ('242', 354),
       ('242', 355),
       ('242', 356),
       ('242', 357),
       ('243', 358),
       ('2532', 358),
       ('243', 359),
       ('2532', 359),
       ('243', 360),
       ('2532', 360),
       ('243', 361),
       ('2532', 361),
       ('243', 362),
       ('2532', 362),
       ('243', 363),
       ('2532', 363),
       ('243', 364),
       ('2532', 364),
       ('243', 365),
       ('2532', 365),
       ('243', 366),
       ('2532', 366),
       ('243', 367),
       ('2532', 367),
       ('244', 368),
       ('244', 369),
       ('245', 370),
       ('156', 371),
       ('246', 371),
       ('156', 372),
       ('246', 372),
       ('156', 373),
       ('246', 373),
       ('156', 374),
       ('246', 374),
       ('156', 375),
       ('246', 375),
       ('156', 376),
       ('246', 376),
       ('156', 377),
       ('246', 377),
       ('156', 378),
       ('246', 378),
       ('156', 379),
       ('246', 379),
       ('156', 380),
       ('246', 380),
       ('156', 381),
       ('246', 381),
       ('156', 382),
       ('246', 382),
       ('247', 383),
       ('247', 384),
       ('248', 385),
       ('248', 386),
       ('249', 387),
       ('249', 388),
       ('249', 389),
       ('249', 390),
       ('250', 391),
       ('250', 392),
       ('250', 393),
       ('250', 394),
       ('250', 395),
       ('901', 1735),
       ('901', 1736),
       ('2513', 1737),
       ('902', 1737),
       ('2513', 1738),
       ('902', 1738),
       ('2513', 1739),
       ('902', 1739),
       ('2513', 1740),
       ('902', 1740),
       ('903', 1741),
       ('903', 1742),
       ('903', 1743),
       ('903', 1744),
       ('904', 1745),
       ('904', 1746),
       ('904', 1747),
       ('904', 1748),
       ('904', 1749),
       ('904', 1750),
       ('904', 1751),
       ('904', 1752),
       ('905', 1753),
       ('905', 1754),
       ('905', 1755),
       ('905', 1756),
       ('905', 1757),
       ('905', 1758),
       ('906', 1759),
       ('906', 1760),
       ('906', 1761),
       ('906', 1762),
       ('906', 1763),
       ('906', 1764),
       ('906', 1765),
       ('906', 1766),
       ('907', 1767),
       ('907', 1768),
       ('907', 1769),
       ('907', 1770),
       ('907', 1771),
       ('907', 1772),
       ('907', 1773),
       ('907', 1774),
       ('907', 1775),
       ('907', 1776),
       ('908', 1777),
       ('908', 1778),
       ('908', 1779),
       ('908', 1780),
       ('909', 1781),
       ('909', 1782),
       ('909', 1783),
       ('909', 1784),
       ('909', 1785),
       ('909', 1786),
       ('909', 1787),
       ('909', 1788),
       ('910', 1789),
       ('910', 1790),
       ('910', 1791),
       ('910', 1792),
       ('911', 1793),
       ('911', 1794),
       ('911', 1795),
       ('912', 1796),
       ('912', 1797),
       ('912', 1798),
       ('912', 1799),
       ('912', 1800),
       ('912', 1801),
       ('912', 1802),
       ('912', 1803),
       ('914', 1804),
       ('914', 1805),
       ('914', 1806),
       ('914', 1807),
       ('914', 1808),
       ('914', 1809),
       ('2527', 1810),
       ('915', 1810),
       ('2527', 1811),
       ('915', 1811),
       ('2527', 1812),
       ('915', 1812),
       ('2527', 1813),
       ('915', 1813),
       ('2527', 1814),
       ('915', 1814),
       ('2527', 1815),
       ('915', 1815),
       ('916', 1816),
       ('916', 1817),
       ('916', 1818),
       ('916', 1819),
       ('917', 1820),
       ('917', 1821),
       ('917', 1822),
       ('917', 1823),
       ('917', 1824),
       ('917', 1825),
       ('917', 1826),
       ('917', 1827),
       ('917', 1828),
       ('918', 1829),
       ('918', 1830),
       ('918', 1831),
       ('918', 1832),
       ('918', 1833),
       ('919', 1834),
       ('919', 1835),
       ('919', 1836),
       ('919', 1837),
       ('431', 1838),
       ('920', 1838),
       ('431', 1839),
       ('920', 1839),
       ('431', 1840),
       ('920', 1840),
       ('431', 1841),
       ('920', 1841),
       ('431', 1842),
       ('920', 1842),
       ('431', 1843),
       ('920', 1843),
       ('431', 1844),
       ('920', 1844),
       ('431', 1845),
       ('920', 1845),
       ('431', 1846),
       ('920', 1846),
       ('921', 1847),
       ('921', 1848),
       ('921', 1849),
       ('922', 1850),
       ('922', 1851),
       ('922', 1852),
       ('922', 1853),
       ('2736', 1854),
       ('329', 1854),
       ('923', 1854),
       ('2736', 1855),
       ('329', 1855),
       ('923', 1855),
       ('2736', 1856),
       ('329', 1856),
       ('923', 1856),
       ('2736', 1857),
       ('329', 1857),
       ('923', 1857),
       ('2736', 1858),
       ('329', 1858),
       ('923', 1858),
       ('2736', 1859),
       ('329', 1859),
       ('923', 1859),
       ('2736', 1860),
       ('329', 1860),
       ('923', 1860),
       ('2736', 1861),
       ('329', 1861),
       ('923', 1861),
       ('2736', 1862),
       ('329', 1862),
       ('923', 1862),
       ('2736', 1863),
       ('329', 1863),
       ('923', 1863),
       ('924', 1864),
       ('924', 1865),
       ('4306', 1866),
       ('925', 1866),
       ('4306', 1867),
       ('925', 1867),
       ('4306', 1868),
       ('925', 1868),
       ('4306', 1869),
       ('925', 1869),
       ('4306', 1870),
       ('925', 1870),
       ('4306', 1871),
       ('925', 1871),
       ('4306', 1872),
       ('925', 1872),
       ('150', 1873),
       ('426', 1873),
       ('150', 1874),
       ('426', 1874),
       ('150', 1875),
       ('426', 1875),
       ('150', 1876),
       ('426', 1876),
       ('150', 1877),
       ('426', 1877),
       ('150', 1878),
       ('426', 1878),
       ('150', 1879),
       ('426', 1879),
       ('150', 1880),
       ('426', 1880),
       ('150', 1881),
       ('426', 1881),
       ('150', 1882),
       ('426', 1882),
       ('150', 1883),
       ('426', 1883),
       ('150', 1884),
       ('426', 1884),
       ('150', 1885),
       ('426', 1885),
       ('150', 1886),
       ('426', 1886),
       ('150', 1887),
       ('426', 1887),
       ('152', 1888),
       ('152', 1889),
       ('152', 1890),
       ('152', 1891),
       ('152', 1892),
       ('152', 1893),
       ('152', 1894),
       ('152', 1895),
       ('152', 1896),
       ('152', 1897),
       ('152', 1898),
       ('152', 1899),
       ('152', 1900),
       ('153', 1901),
       ('2535', 1901),
       ('319', 1901),
       ('153', 1902),
       ('2535', 1902),
       ('319', 1902),
       ('153', 1903),
       ('2535', 1903),
       ('319', 1903),
       ('153', 1904),
       ('2535', 1904),
       ('319', 1904),
       ('153', 1905),
       ('2535', 1905),
       ('319', 1905),
       ('153', 1906),
       ('2535', 1906),
       ('319', 1906),
       ('153', 1907),
       ('2535', 1907),
       ('319', 1907),
       ('153', 1908),
       ('2535', 1908),
       ('319', 1908),
       ('153', 1909),
       ('2535', 1909),
       ('319', 1909),
       ('153', 1910),
       ('2535', 1910),
       ('319', 1910),
       ('153', 1911),
       ('2535', 1911),
       ('319', 1911),
       ('153', 1912),
       ('2535', 1912),
       ('319', 1912),
       ('153', 1913),
       ('2535', 1913),
       ('319', 1913),
       ('153', 1914),
       ('2535', 1914),
       ('319', 1914),
       ('153', 1915),
       ('2535', 1915),
       ('319', 1915),
       ('153', 1916),
       ('2535', 1916),
       ('319', 1916),
       ('154', 1917),
       ('154', 1918),
       ('154', 1919),
       ('154', 1920),
       ('154', 1921),
       ('154', 1922),
       ('154', 1923),
       ('154', 1924),
       ('155', 1925),
       ('421', 1925),
       ('155', 1926),
       ('421', 1926),
       ('155', 1927),
       ('421', 1927),
       ('155', 1928),
       ('421', 1928),
       ('155', 1929),
       ('421', 1929),
       ('155', 1930),
       ('421', 1930),
       ('155', 1931),
       ('421', 1931),
       ('155', 1932),
       ('421', 1932),
       ('155', 1933),
       ('421', 1933),
       ('155', 1934),
       ('421', 1934),
       ('157', 1935),
       ('157', 1936),
       ('157', 1937),
       ('157', 1938),
       ('157', 1939),
       ('157', 1940),
       ('158', 1941),
       ('158', 1942),
       ('158', 1943),
       ('158', 1944),
       ('158', 1945),
       ('158', 1946),
       ('K209', 1946),
       ('159', 1947),
       ('2637', 1947),
       ('159', 1948),
       ('2637', 1948),
       ('159', 1949),
       ('2637', 1949),
       ('159', 1950),
       ('2637', 1950),
       ('159', 1951),
       ('2637', 1951),
       ('159', 1952),
       ('2637', 1952),
       ('159', 1953),
       ('2637', 1953),
       ('159', 1954),
       ('2637', 1954),
       ('159', 1955),
       ('2637', 1955),
       ('159', 1956),
       ('2637', 1956),
       ('2511', 1957),
       ('2511', 1958),
       ('2511', 1959),
       ('2511', 1960),
       ('2512', 1961),
       ('2512', 1962),
       ('2514', 1963),
       ('2514', 1964),
       ('2514', 1965),
       ('2514', 1966),
       ('2515', 1967),
       ('2515', 1968),
       ('2515', 1969),
       ('2515', 1970),
       ('2515', 1971),
       ('2515', 1972),
       ('2515', 1973),
       ('2516', 1974),
       ('2516', 1975),
       ('2516', 1976),
       ('2516', 1977),
       ('2516', 1978),
       ('2516', 1979),
       ('2516', 1980),
       ('2516', 1981),
       ('2516', 1982),
       ('2517', 1983),
       ('2517', 1984),
       ('2517', 1985),
       ('2517', 1986),
       ('2518', 1987),
       ('2518', 1988),
       ('2518', 1989),
       ('2518', 1990),
       ('2518', 1991),
       ('2518', 1992),
       ('2518', 1993),
       ('2518', 1994),
       ('2520', 1995),
       ('2520', 1996),
       ('2520', 1997),
       ('2520', 1998),
       ('2520', 1999),
       ('2521', 2000),
       ('2521', 2001),
       ('2521', 2002),
       ('2521', 2003),
       ('2521', 2004),
       ('2521', 2005),
       ('2521', 2006),
       ('2521', 2007),
       ('2522', 2008),
       ('2522', 2009),
       ('2522', 2010),
       ('2522', 2011),
       ('2522', 2012),
       ('2522', 2013),
       ('2522', 2014),
       ('2522', 2015),
       ('2523', 2016),
       ('2523', 2017),
       ('2525', 2018),
       ('2525', 2019),
       ('2525', 2020),
       ('2525', 2021),
       ('2526', 2022),
       ('2526', 2023),
       ('2526', 2024),
       ('2528', 2025),
       ('2528', 2026),
       ('2528', 2027),
       ('2528', 2028),
       ('2529', 2029),
       ('2529', 2030),
       ('2529', 2031),
       ('2529', 2032),
       ('0312', 2033),
       ('2530', 2033),
       ('2627', 2033),
       ('0312', 2034),
       ('2530', 2034),
       ('2627', 2034),
       ('0312', 2035),
       ('2530', 2035),
       ('2627', 2035),
       ('0312', 2036),
       ('2530', 2036),
       ('2627', 2036),
       ('0312', 2037),
       ('2530', 2037),
       ('2627', 2037),
       ('0312', 2038),
       ('2530', 2038),
       ('2627', 2038),
       ('0312', 2039),
       ('2530', 2039),
       ('2627', 2039),
       ('0312', 2040),
       ('2530', 2040),
       ('2627', 2040),
       ('0312', 2041),
       ('2530', 2041),
       ('2627', 2041),
       ('0312', 2042),
       ('2530', 2042),
       ('2627', 2042),
       ('2531', 2043),
       ('2531', 2044),
       ('2531', 2045),
       ('2531', 2046),
       ('2533', 2047),
       ('2533', 2048),
       ('2533', 2049),
       ('2533', 2050),
       ('2533', 2051),
       ('2533', 2052),
       ('2533', 2053),
       ('2533', 2054),
       ('2534', 2055),
       ('2534', 2056),
       ('2534', 2057),
       ('2534', 2058),
       ('2534', 2059),
       ('2534', 2060),
       ('2534', 2061),
       ('2534', 2062),
       ('2534', 2063),
       ('2538', 2064),
       ('2635', 2064),
       ('2538', 2065),
       ('2635', 2065),
       ('2538', 2066),
       ('2635', 2066),
       ('2539', 2067),
       ('2539', 2068),
       ('2539', 2069),
       ('2539', 2070),
       ('2539', 2071),
       ('2540', 2072),
       ('2540', 2073),
       ('2540', 2074),
       ('2540', 2075),
       ('2542', 2076),
       ('2542', 2077),
       ('2542', 2078),
       ('2542', 2079),
       ('2543', 2080),
       ('2543', 2081),
       ('2543', 2082),
       ('2543', 2083),
       ('2543', 2084),
       ('2543', 2085),
       ('2543', 2086),
       ('2543', 2087),
       ('2544', 2088),
       ('2544', 2089),
       ('2544', 2090),
       ('2544', 2091),
       ('2544', 2092),
       ('2544', 2093),
       ('2544', 2094),
       ('2544', 2095),
       ('2545', 2096),
       ('2727', 2096),
       ('2545', 2097),
       ('2727', 2097),
       ('2545', 2098),
       ('2727', 2098),
       ('2545', 2099),
       ('2727', 2099),
       ('2545', 2100),
       ('2727', 2100),
       ('2545', 2101),
       ('2727', 2101),
       ('2545', 2102),
       ('2727', 2102),
       ('2545', 2103),
       ('2727', 2103),
       ('2546', 2104),
       ('2546', 2105),
       ('2546', 2106),
       ('2546', 2107),
       ('2546', 2108),
       ('2547', 2109),
       ('2547', 2110),
       ('2547', 2111),
       ('2547', 2112),
       ('2548', 2113),
       ('2812', 2113),
       ('2548', 2114),
       ('2812', 2114),
       ('2548', 2115),
       ('2812', 2115),
       ('2548', 2116),
       ('2812', 2116),
       ('2548', 2117),
       ('2812', 2117),
       ('2548', 2118),
       ('2812', 2118),
       ('2548', 2119),
       ('2812', 2119),
       ('2548', 2120),
       ('2812', 2120),
       ('2548', 2121),
       ('2812', 2121),
       ('2548', 2122),
       ('2812', 2122),
       ('2549', 2123),
       ('2549', 2124),
       ('2549', 2125),
       ('2549', 2126),
       ('2549', 2127),
       ('2550', 2128),
       ('2550', 2129),
       ('2550', 2130),
       ('2551', 2131),
       ('2551', 2132),
       ('2551', 2133),
       ('2551', 2134),
       ('2552', 2135),
       ('2552', 2136),
       ('2552', 2137),
       ('2552', 2138),
       ('2553', 2139),
       ('2553', 2140),
       ('2553', 2141),
       ('2553', 2142),
       ('2553', 2143),
       ('2554', 2144),
       ('2554', 2145),
       ('2554', 2146),
       ('2554', 2147),
       ('2554', 2148),
       ('2554', 2149),
       ('2554', 2150),
       ('2554', 2151),
       ('2555', 2152),
       ('2555', 2153),
       ('2555', 2154),
       ('2555', 2155),
       ('2556', 2156),
       ('936', 2156),
       ('2556', 2157),
       ('936', 2157),
       ('2556', 2158),
       ('936', 2158),
       ('2556', 2159),
       ('936', 2159),
       ('2557', 2160),
       ('2557', 2161),
       ('2557', 2162),
       ('2557', 2163),
       ('2558', 2164),
       ('342', 2164),
       ('2558', 2165),
       ('342', 2165),
       ('2558', 2166),
       ('342', 2166),
       ('2558', 2167),
       ('342', 2167),
       ('2558', 2168),
       ('342', 2168),
       ('2558', 2169),
       ('342', 2169),
       ('2558', 2170),
       ('342', 2170),
       ('2559', 2171),
       ('2559', 2172),
       ('2559', 2173),
       ('2559', 2174),
       ('2560', 2175),
       ('2560', 2176),
       ('2560', 2177),
       ('2560', 2178),
       ('2560', 2179),
       ('2560', 2180),
       ('2560', 2181),
       ('2560', 2182),
       ('2561', 2183),
       ('2561', 2184),
       ('2562', 2185),
       ('2562', 2186),
       ('2562', 2187),
       ('2562', 2188),
       ('2611', 2189),
       ('2611', 2190),
       ('2611', 2191),
       ('2611', 2192),
       ('2612', 2193),
       ('2612', 2194),
       ('2612', 2195),
       ('2612', 2196),
       ('2613', 2197),
       ('312', 2197),
       ('2613', 2198),
       ('312', 2198),
       ('2613', 2199),
       ('312', 2199),
       ('2613', 2200),
       ('312', 2200),
       ('2613', 2201),
       ('312', 2201),
       ('2613', 2202),
       ('312', 2202),
       ('2613', 2203),
       ('312', 2203),
       ('2613', 2204),
       ('312', 2204),
       ('2613', 2205),
       ('312', 2205),
       ('2614', 2206),
       ('2615', 2207),
       ('311', 2207),
       ('2615', 2208),
       ('311', 2208),
       ('2615', 2209),
       ('311', 2209),
       ('2615', 2210),
       ('311', 2210),
       ('2615', 2211),
       ('311', 2211),
       ('2616', 2212),
       ('2616', 2213),
       ('2616', 2214),
       ('2616', 2215),
       ('2617', 2216),
       ('2617', 2217),
       ('2617', 2218),
       ('2617', 2219),
       ('2618', 2220),
       ('2618', 2221),
       ('2618', 2222),
       ('2618', 2223),
       ('2619', 2224),
       ('K316', 2224),
       ('2619', 2225),
       ('K316', 2225),
       ('2619', 2226),
       ('K316', 2226),
       ('2619', 2227),
       ('K316', 2227),
       ('2619', 2228),
       ('K316', 2228),
       ('2619', 2229),
       ('K316', 2229),
       ('2619', 2230),
       ('K316', 2230),
       ('2619', 2231),
       ('K316', 2231),
       ('2619', 2232),
       ('K316', 2232),
       ('2620', 2233),
       ('2620', 2234),
       ('2620', 2235),
       ('2621', 2236),
       ('2621', 2237),
       ('2621', 2238),
       ('2621', 2239),
       ('2621', 2240),
       ('2621', 2241),
       ('2621', 2242),
       ('2621', 2243),
       ('2622', 2244),
       ('2622', 2245),
       ('2624', 2246),
       ('2624', 2247),
       ('2624', 2248),
       ('2624', 2249),
       ('2625', 2250),
       ('2625', 2251),
       ('2625', 2252),
       ('2625', 2253),
       ('2625', 2254),
       ('2625', 2255),
       ('2626', 2256),
       ('2626', 2257),
       ('2626', 2258),
       ('2626', 2259),
       ('2628', 2260),
       ('K311', 2260),
       ('2628', 2261),
       ('K311', 2261),
       ('2628', 2262),
       ('K311', 2262),
       ('2628', 2263),
       ('K311', 2263),
       ('2628', 2264),
       ('K311', 2264),
       ('2628', 2265),
       ('K311', 2265),
       ('2629', 2266),
       ('428', 2266),
       ('2629', 2267),
       ('428', 2267),
       ('2629', 2268),
       ('428', 2268),
       ('2629', 2269),
       ('428', 2269),
       ('2629', 2270),
       ('428', 2270),
       ('2629', 2271),
       ('428', 2271),
       ('2629', 2272),
       ('428', 2272),
       ('2629', 2273),
       ('428', 2273),
       ('2629', 2274),
       ('428', 2274),
       ('2629', 2275),
       ('428', 2275),
       ('2629', 2276),
       ('428', 2276),
       ('2629', 2277),
       ('428', 2277),
       ('2629', 2278),
       ('428', 2278),
       ('2629', 2279),
       ('428', 2279),
       ('2630', 2280),
       ('2630', 2281),
       ('2630', 2282),
       ('2630', 2283),
       ('2631', 2284),
       ('2631', 2285),
       ('2631', 2286),
       ('2631', 2287),
       ('2632', 2288),
       ('2632', 2289),
       ('2632', 2290),
       ('2633', 2291),
       ('2633', 2292),
       ('2633', 2293),
       ('2634', 2294),
       ('323', 2294),
       ('2634', 2295),
       ('323', 2295),
       ('2634', 2296),
       ('323', 2296),
       ('2634', 2297),
       ('323', 2297),
       ('2634', 2298),
       ('323', 2298),
       ('2634', 2299),
       ('323', 2299),
       ('2634', 2300),
       ('323', 2300),
       ('2634', 2301),
       ('323', 2301),
       ('2634', 2302),
       ('323', 2302),
       ('2634', 2303),
       ('323', 2303),
       ('2638', 2304),
       ('2638', 2305),
       ('2638', 2306),
       ('2638', 2307),
       ('2639', 2308),
       ('2639', 2309),
       ('2639', 2310),
       ('2639', 2311),
       ('2639', 2312),
       ('2639', 2313),
       ('2639', 2314),
       ('2639', 2315),
       ('2640', 2316),
       ('2640', 2317),
       ('2640', 2318),
       ('2640', 2319),
       ('2641', 2320),
       ('2641', 2321),
       ('2641', 2322),
       ('2641', 2323),
       ('2641', 2324),
       ('2641', 2325),
       ('2642', 2326),
       ('2642', 2327),
       ('2642', 2328),
       ('2642', 2329),
       ('2642', 2330),
       ('2643', 2331),
       ('2643', 2332),
       ('2643', 2333),
       ('2643', 2334),
       ('2644', 2335),
       ('2644', 2336),
       ('2644', 2337),
       ('2644', 2338),
       ('2644', 2339),
       ('2644', 2340),
       ('2644', 2341),
       ('2644', 2342),
       ('2645', 2343),
       ('2645', 2344),
       ('2645', 2345),
       ('2645', 2346),
       ('2645', 2347),
       ('2645', 2348),
       ('2645', 2349),
       ('2646', 2350),
       ('2719', 2350),
       ('2646', 2351),
       ('2719', 2351),
       ('2646', 2352),
       ('2719', 2352),
       ('2646', 2353),
       ('2719', 2353),
       ('2646', 2354),
       ('2719', 2354),
       ('2646', 2355),
       ('2719', 2355),
       ('2646', 2356),
       ('2719', 2356),
       ('2646', 2357),
       ('2719', 2357),
       ('2647', 2358),
       ('2647', 2359),
       ('2647', 2360),
       ('2647', 2361),
       ('2647', 2362),
       ('2647', 2363),
       ('2647', 2364),
       ('2648', 2365),
       ('2648', 2366),
       ('2648', 2367),
       ('2648', 2368),
       ('2648', 2369),
       ('2649', 2370),
       ('2649', 2371),
       ('2649', 2372),
       ('2649', 2373),
       ('2712', 2374),
       ('2712', 2375),
       ('2712', 2376),
       ('2712', 2377),
       ('2713', 2378),
       ('2713', 2379),
       ('2713', 2380),
       ('2713', 2381),
       ('2713', 2382),
       ('2713', 2383),
       ('2714', 2384),
       ('2714', 2385),
       ('2714', 2386),
       ('2714', 2387),
       ('2714', 2388),
       ('2714', 2389),
       ('2714', 2390),
       ('2714', 2391),
       ('2715', 2392),
       ('411', 2392),
       ('2715', 2393),
       ('411', 2393),
       ('2715', 2394),
       ('411', 2394),
       ('2715', 2395),
       ('411', 2395),
       ('2715', 2396),
       ('411', 2396),
       ('2715', 2397),
       ('411', 2397),
       ('2715', 2398),
       ('411', 2398),
       ('2715', 2399),
       ('411', 2399),
       ('2715', 2400),
       ('411', 2400),
       ('2715', 2401),
       ('411', 2401),
       ('2716', 2402),
       ('2716', 2403),
       ('2716', 2404),
       ('2716', 2405),
       ('2716', 2406),
       ('2716', 2407),
       ('2717', 2408),
       ('2717', 2409),
       ('2717', 2410),
       ('2717', 2411),
       ('2717', 2412),
       ('2717', 2413),
       ('2718', 2414),
       ('2718', 2415),
       ('2718', 2416),
       ('2718', 2417),
       ('2720', 2418),
       ('2720', 2419),
       ('2720', 2420),
       ('2720', 2421),
       ('2720', 2422),
       ('2720', 2423),
       ('2720', 2424),
       ('2721', 2425),
       ('2721', 2426),
       ('2721', 2427),
       ('2721', 2428),
       ('2722', 2429),
       ('k120', 2429),
       ('2722', 2430),
       ('k120', 2430),
       ('2722', 2431),
       ('k120', 2431),
       ('2722', 2432),
       ('k120', 2432),
       ('2722', 2433),
       ('k120', 2433),
       ('2722', 2434),
       ('k120', 2434),
       ('2722', 2435),
       ('k120', 2435),
       ('2722', 2436),
       ('k120', 2436),
       ('2723', 2437),
       ('2723', 2438),
       ('2723', 2439),
       ('2724', 2440),
       ('2724', 2441),
       ('2724', 2442),
       ('2724', 2443),
       ('2725', 2444),
       ('2725', 2445),
       ('2725', 2446),
       ('2726', 2447),
       ('2726', 2448),
       ('2726', 2449),
       ('2726', 2450),
       ('2728', 2451),
       ('2728', 2452),
       ('2728', 2453),
       ('2728', 2454),
       ('2728', 2455),
       ('2728', 2456),
       ('2730', 2457),
       ('2730', 2458),
       ('2730', 2459),
       ('2730', 2460),
       ('2731', 2461),
       ('2731', 2462),
       ('2731', 2463),
       ('2731', 2464),
       ('2731', 2465),
       ('2731', 2466),
       ('2731', 2467),
       ('2731', 2468),
       ('2731', 2469),
       ('2731', 2470),
       ('2731', 2471),
       ('2731', 2472),
       ('2731', 2473),
       ('2731', 2474),
       ('2732', 2475),
       ('k213', 2475),
       ('2732', 2476),
       ('k213', 2476),
       ('2732', 2477),
       ('k213', 2477),
       ('2732', 2478),
       ('k213', 2478),
       ('2732', 2479),
       ('k213', 2479),
       ('2733', 2480),
       ('2733', 2481),
       ('2733', 2482),
       ('2733', 2483),
       ('2733', 2484),
       ('2733', 2485),
       ('2733', 2486),
       ('2733', 2487),
       ('2733', 2488),
       ('2733', 2489),
       ('2734', 2490),
       ('4305', 2490),
       ('2734', 2491),
       ('4305', 2491),
       ('2734', 2492),
       ('4305', 2492),
       ('2734', 2493),
       ('4305', 2493),
       ('2734', 2494),
       ('4305', 2494),
       ('2734', 2495),
       ('4305', 2495),
       ('2734', 2496),
       ('4305', 2496),
       ('2734', 2497),
       ('4305', 2497),
       ('2735', 2498),
       ('2735', 2499),
       ('2735', 2500),
       ('2735', 2501),
       ('2735', 2502),
       ('2735', 2503),
       ('2737', 2504),
       ('2737', 2505),
       ('2737', 2506),
       ('2737', 2507),
       ('2737', 2508),
       ('2737', 2509),
       ('2737', 2510),
       ('2737', 2511),
       ('2738', 2512),
       ('2738', 2513),
       ('2738', 2514),
       ('2738', 2515),
       ('2738', 2516),
       ('2738', 2517),
       ('2738', 2518),
       ('2738', 2519),
       ('2738', 2520),
       ('2738', 2521),
       ('2739', 2522),
       ('2739', 2523),
       ('2739', 2524),
       ('2739', 2525),
       ('2740', 2526),
       ('2740', 2527),
       ('2740', 2528),
       ('2740', 2529),
       ('2741', 2530),
       ('2741', 2531),
       ('2741', 2532),
       ('2741', 2533),
       ('2741', 2534),
       ('2742', 2535),
       ('2742', 2536),
       ('2742', 2537),
       ('2742', 2538),
       ('2742', 2539),
       ('2742', 2540),
       ('2743', 2541),
       ('2743', 2542),
       ('2743', 2543),
       ('2743', 2544),
       ('2743', 2545),
       ('2743', 2546),
       ('2744', 2547),
       ('2744', 2548),
       ('2744', 2549),
       ('2744', 2550),
       ('2744', 2551),
       ('2744', 2552),
       ('2744', 2553),
       ('2744', 2554),
       ('2745', 2555),
       ('2745', 2556),
       ('2745', 2557),
       ('2745', 2558),
       ('2745', 2559),
       ('2745', 2560),
       ('2747', 2561),
       ('2747', 2562),
       ('2747', 2563),
       ('2747', 2564),
       ('2747', 2565),
       ('2747', 2566),
       ('2748', 2567),
       ('2748', 2568),
       ('2748', 2569),
       ('2748', 2570),
       ('2748', 2571),
       ('2748', 2572),
       ('2748', 2573),
       ('2751', 2574),
       ('2751', 2575),
       ('2751', 2576),
       ('2751', 2577),
       ('2752', 2578),
       ('2752', 2579),
       ('2752', 2580),
       ('2752', 2581),
       ('2752', 2582),
       ('2752', 2583),
       ('2752', 2584),
       ('2752', 2585),
       ('2811', 2586),
       ('2811', 2587),
       ('2811', 2588),
       ('2811', 2589),
       ('2813', 2590),
       ('2813', 2591),
       ('2813', 2592),
       ('2813', 2593),
       ('2813', 2594),
       ('2814', 2595),
       ('2814', 2596),
       ('2814', 2597),
       ('2814', 2598),
       ('2814', 2599),
       ('2816', 2600),
       ('933', 2600),
       ('2816', 2601),
       ('933', 2601),
       ('2816', 2602),
       ('933', 2602),
       ('2816', 2603),
       ('933', 2603),
       ('2816', 2604),
       ('933', 2604),
       ('2816', 2605),
       ('933', 2605),
       ('2816', 2606),
       ('933', 2606),
       ('2816', 2607),
       ('933', 2607),
       ('2817', 2608),
       ('2817', 2609),
       ('2817', 2610),
       ('2817', 2611),
       ('2818', 2612),
       ('340', 2612),
       ('2818', 2613),
       ('340', 2613),
       ('2818', 2614),
       ('340', 2614),
       ('2818', 2615),
       ('340', 2615),
       ('2818', 2616),
       ('340', 2616),
       ('2818', 2617),
       ('340', 2617),
       ('2818', 2618),
       ('340', 2618),
       ('2818', 2619),
       ('340', 2619),
       ('2818', 2620),
       ('340', 2620),
       ('2819', 2621),
       ('2819', 2622),
       ('2819', 2623),
       ('2819', 2624),
       ('2820', 2625),
       ('2820', 2626),
       ('2820', 2627),
       ('2820', 2628),
       ('2821', 2629),
       ('K222', 2629),
       ('2821', 2630),
       ('K222', 2630),
       ('2821', 2631),
       ('K222', 2631),
       ('2821', 2632),
       ('K222', 2632),
       ('310', 2633),
       ('310', 2634),
       ('310', 2635),
       ('310', 2636),
       ('311', 2637),
       ('313', 2638),
       ('313', 2639),
       ('313', 2640),
       ('313', 2641),
       ('313', 2642),
       ('314', 2643),
       ('314', 2644),
       ('314', 2645),
       ('314', 2646),
       ('315', 2647),
       ('315', 2648),
       ('315', 2649),
       ('315', 2650),
       ('316', 2651),
       ('316', 2652),
       ('316', 2653),
       ('316', 2654),
       ('316', 2655),
       ('317', 2656),
       ('317', 2657),
       ('317', 2658),
       ('317', 2659),
       ('317', 2660),
       ('317', 2661),
       ('317', 2662),
       ('317', 2663),
       ('318', 2664),
       ('318', 2665),
       ('318', 2666),
       ('318', 2667),
       ('318', 2668),
       ('318', 2669),
       ('321', 2670),
       ('423', 2670),
       ('321', 2671),
       ('423', 2671),
       ('321', 2672),
       ('423', 2672),
       ('321', 2673),
       ('423', 2673),
       ('321', 2674),
       ('423', 2674),
       ('321', 2675),
       ('423', 2675),
       ('321', 2676),
       ('423', 2676),
       ('321', 2677),
       ('423', 2677),
       ('322', 2678),
       ('322', 2679),
       ('322', 2680),
       ('322', 2681),
       ('322', 2682),
       ('322', 2683),
       ('324', 2684),
       ('324', 2685),
       ('324', 2686),
       ('324', 2687),
       ('325', 2688),
       ('K114', 2688),
       ('325', 2689),
       ('K114', 2689),
       ('325', 2690),
       ('K114', 2690),
       ('325', 2691),
       ('K114', 2691),
       ('325', 2692),
       ('K114', 2692),
       ('325', 2693),
       ('K114', 2693),
       ('325', 2694),
       ('K114', 2694),
       ('326', 2695),
       ('326', 2696),
       ('326', 2697),
       ('326', 2698),
       ('326', 2699),
       ('326', 2700),
       ('327', 2701),
       ('D04', 2701),
       ('327', 2702),
       ('D04', 2702),
       ('327', 2703),
       ('D04', 2703),
       ('327', 2704),
       ('D04', 2704),
       ('327', 2705),
       ('D04', 2705),
       ('327', 2706),
       ('D04', 2706),
       ('327', 2707),
       ('D04', 2707),
       ('327', 2708),
       ('D04', 2708),
       ('328', 2709),
       ('328', 2710),
       ('328', 2711),
       ('328', 2712),
       ('331', 2713),
       ('331', 2714),
       ('331', 2715),
       ('331', 2716),
       ('331', 2717),
       ('331', 2718),
       ('332', 2719),
       ('4308', 2719),
       ('332', 2720),
       ('4308', 2720),
       ('332', 2721),
       ('4308', 2721),
       ('332', 2722),
       ('4308', 2722),
       ('332', 2723),
       ('4308', 2723),
       ('332', 2724),
       ('4308', 2724),
       ('332', 2725),
       ('4308', 2725),
       ('332', 2726),
       ('4308', 2726),
       ('332', 2727),
       ('4308', 2727),
       ('332', 2728),
       ('4308', 2728),
       ('332', 2729),
       ('4308', 2729),
       ('332', 2730),
       ('4308', 2730),
       ('333', 2731),
       ('333', 2732),
       ('333', 2733),
       ('333', 2734),
       ('334', 2735),
       ('k217', 2735),
       ('334', 2736),
       ('k217', 2736),
       ('334', 2737),
       ('k217', 2737),
       ('334', 2738),
       ('k217', 2738),
       ('335', 2739),
       ('335', 2740),
       ('335', 2741),
       ('335', 2742),
       ('335', 2743),
       ('335', 2744),
       ('335', 2745),
       ('335', 2746),
       ('336', 2747),
       ('337', 2748),
       ('337', 2749),
       ('337', 2750),
       ('337', 2751),
       ('337', 2752),
       ('337', 2753),
       ('337', 2754),
       ('337', 2755),
       ('338', 2756),
       ('338', 2757),
       ('338', 2758),
       ('338', 2759),
       ('338', 2760),
       ('338', 2761),
       ('338', 2762),
       ('339', 2763),
       ('k221', 2763),
       ('339', 2764),
       ('k221', 2764),
       ('339', 2765),
       ('k221', 2765),
       ('339', 2766),
       ('k221', 2766),
       ('339', 2767),
       ('k221', 2767),
       ('339', 2768),
       ('k221', 2768),
       ('339', 2769),
       ('k221', 2769),
       ('341', 2770),
       ('341', 2771),
       ('341', 2772),
       ('341', 2773),
       ('409', 2774),
       ('409', 2775),
       ('409', 2776),
       ('409', 2777),
       ('409', 2778),
       ('409', 2779),
       ('410', 2780),
       ('410', 2781),
       ('410', 2782),
       ('410', 2783),
       ('410', 2784),
       ('412', 2785),
       ('412', 2786),
       ('413', 2787),
       ('413', 2788),
       ('413', 2789),
       ('413', 2790),
       ('414', 2791),
       ('414', 2792),
       ('414', 2793),
       ('414', 2794),
       ('414', 2795),
       ('414', 2796),
       ('414', 2797),
       ('414', 2798),
       ('415', 2799),
       ('415', 2800),
       ('415', 2801),
       ('415', 2802),
       ('415', 2803),
       ('415', 2804),
       ('415', 2805),
       ('415', 2806),
       ('416', 2807),
       ('416', 2808),
       ('416', 2809),
       ('416', 2810),
       ('416', 2811),
       ('416', 2812),
       ('417', 2813),
       ('417', 2814),
       ('417', 2815),
       ('417', 2816),
       ('417', 2817),
       ('417', 2818),
       ('417', 2819),
       ('417', 2820),
       ('417', 2821),
       ('417', 2822),
       ('418', 2823),
       ('418', 2824),
       ('418', 2825),
       ('418', 2826),
       ('418', 2827),
       ('418', 2828),
       ('418', 2829),
       ('419', 2830),
       ('419', 2831),
       ('419', 2832),
       ('419', 2833),
       ('419', 2834),
       ('419', 2835),
       ('419', 2836),
       ('420', 2837),
       ('420', 2838),
       ('420', 2839),
       ('420', 2840),
       ('424', 2841),
       ('424', 2842),
       ('424', 2843),
       ('424', 2844),
       ('424', 2845),
       ('424', 2846),
       ('424', 2847),
       ('424', 2848),
       ('424', 2849),
       ('424', 2850),
       ('425', 2851),
       ('425', 2852),
       ('425', 2853),
       ('425', 2854),
       ('425', 2855),
       ('425', 2856),
       ('425', 2857),
       ('427', 2858),
       ('427', 2859),
       ('427', 2860),
       ('427', 2861),
       ('427', 2862),
       ('427', 2863),
       ('427', 2864),
       ('427', 2865),
       ('427', 2866),
       ('427', 2867),
       ('429', 2868),
       ('429', 2869),
       ('429', 2870),
       ('429', 2871),
       ('429', 2872),
       ('429', 2873),
       ('430', 2874),
       ('K111', 2874),
       ('430', 2875),
       ('K111', 2875),
       ('430', 2876),
       ('K111', 2876),
       ('430', 2877),
       ('K111', 2877),
       ('430', 2878),
       ('K111', 2878),
       ('432', 2879),
       ('432', 2880),
       ('432', 2881),
       ('432', 2882),
       ('434', 2883),
       ('434', 2884),
       ('434', 2885),
       ('434', 2886),
       ('926', 2887),
       ('926', 2888),
       ('926', 2889),
       ('926', 2890),
       ('926', 2891),
       ('926', 2892),
       ('926', 2893),
       ('926', 2894),
       ('927', 2895),
       ('K214', 2895),
       ('927', 2896),
       ('K214', 2896),
       ('927', 2897),
       ('K214', 2897),
       ('927', 2898),
       ('K214', 2898),
       ('928', 2899),
       ('928', 2900),
       ('928', 2901),
       ('928', 2902),
       ('928', 2903),
       ('928', 2904),
       ('928', 2905),
       ('929', 2906),
       ('929', 2907),
       ('929', 2908),
       ('929', 2909),
       ('929', 2910),
       ('929', 2911),
       ('929', 2912),
       ('931', 2913),
       ('931', 2914),
       ('931', 2915),
       ('931', 2916),
       ('932', 2917),
       ('932', 2918),
       ('932', 2919),
       ('932', 2920),
       ('934', 2921),
       ('934', 2922),
       ('934', 2923),
       ('934', 2924),
       ('935', 2925),
       ('935', 2926),
       ('935', 2927),
       ('935', 2928),
       ('937', 2929),
       ('937', 2930),
       ('938', 2931),
       ('938', 2932),
       ('938', 2933),
       ('K209', 2941),
       ('K209', 2942),
       ('K209', 2943),
       ('k211', 2944),
       ('k211', 2945),
       ('k211', 2946),
       ('k211', 2947),
       ('k211', 2948),
       ('K212', 2949),
       ('K212', 2950),
       ('K212', 2951),
       ('K212', 2952),
       ('K212', 2953),
       ('K212', 2954),
       ('K212', 2955),
       ('k216', 2956),
       ('k216', 2957),
       ('k216', 2958),
       ('k216', 2959),
       ('k216', 2960),
       ('k216', 2961),
       ('k216', 2962),
       ('k216', 2963),
       ('k218', 2964),
       ('k218', 2965),
       ('k218', 2966),
       ('k218', 2967),
       ('k218', 2968),
       ('K219', 2969),
       ('K219', 2970),
       ('K219', 2971),
       ('K219', 2972),
       ('K219', 2973),
       ('K219', 2974),
       ('K219', 2975),
       ('K219', 2976),
       ('k220', 2977),
       ('k220', 2978),
       ('k220', 2979),
       ('k220', 2980),
       ('k220', 2981),
       ('k220', 2982),
       ('k220', 2983),
       ('k220', 2984);
/*!40000 ALTER TABLE `station_exits` ENABLE KEYS */;
UNLOCK
TABLES;

--
-- Table structure for table `subway_line`
--

DROP TABLE IF EXISTS `subway_line`;
/*!40101 SET @saved_cs_client     = @@character_set_client */;
/*!50503 SET character_set_client = utf8mb4 */;
CREATE TABLE `subway_line`
(
    `line_id`   varchar(3)  NOT NULL,
    `line_name` varchar(10) NOT NULL,
    PRIMARY KEY (`line_id`)
) ENGINE=InnoDB DEFAULT CHARSET=utf8mb4 COLLATE=utf8mb4_0900_ai_ci;
/*!40101 SET character_set_client = @saved_cs_client */;

--
-- Dumping data for table `subway_line`
--

LOCK
TABLES `subway_line` WRITE;
/*!40000 ALTER TABLE `subway_line` DISABLE KEYS */;
INSERT INTO `subway_line`
VALUES ('1', '1호선'),
       ('2', '2호선'),
       ('3', '3호선'),
       ('4', '4호선'),
       ('5', '5호선'),
       ('6', '6호선'),
       ('7', '7호선'),
       ('8', '8호선'),
       ('9', '9호선'),
       ('D1', '신분당선'),
       ('K1', '수인분당선'),
       ('K4', '경의중앙선');
/*!40000 ALTER TABLE `subway_line` ENABLE KEYS */;
UNLOCK
TABLES;
/*!40103 SET TIME_ZONE=@OLD_TIME_ZONE */;

/*!40101 SET SQL_MODE=@OLD_SQL_MODE */;
/*!40014 SET FOREIGN_KEY_CHECKS=@OLD_FOREIGN_KEY_CHECKS */;
/*!40014 SET UNIQUE_CHECKS=@OLD_UNIQUE_CHECKS */;
/*!40101 SET CHARACTER_SET_CLIENT=@OLD_CHARACTER_SET_CLIENT */;
/*!40101 SET CHARACTER_SET_RESULTS=@OLD_CHARACTER_SET_RESULTS */;
/*!40101 SET COLLATION_CONNECTION=@OLD_COLLATION_CONNECTION */;
/*!40111 SET SQL_NOTES=@OLD_SQL_NOTES */;

-- Dump completed on 2023-06-09 10:55:38
